{
  "data" : {
    "id" : "a7bbe684-f6cc-48fe-afa9-9aeaf7d345a5",
    "type" : "custom_dashboards",
    "attributes" : {
      "custom_dashboard_id" : "a7bbe684-f6cc-48fe-afa9-9aeaf7d345a5",
      "custom_dashboard_name" : "Tabletop Exercice home",
      "custom_dashboard_description" : "",
      "custom_dashboard_created_at" : "2025-10-06T12:19:12.942712Z",
      "custom_dashboard_updated_at" : "2025-10-06T12:21:23.055459Z"
    },
    "relationships" : {
      "custom_dashboard_widgets" : {
        "data" : [ {
          "id" : "e68d7911-0fc7-48f2-aef2-8304239f9142",
          "type" : "widgets"
        }, {
          "id" : "aa8ba8de-3e4e-4cf6-91bc-978d01536e2b",
          "type" : "widgets"
        }, {
          "id" : "1a408b54-4226-4250-860b-d8e3e7e53311",
          "type" : "widgets"
        }, {
          "id" : "66a48736-5428-4199-8efa-29b7693bf796",
          "type" : "widgets"
        }, {
          "id" : "46c222ed-1a9c-43df-a363-8b7a8c9266a6",
          "type" : "widgets"
        }, {
          "id" : "8ba30311-4f76-4d61-ab9e-d265591e8ef5",
          "type" : "widgets"
        }, {
          "id" : "35c6e179-1164-482f-a6ee-f511724f12bc",
          "type" : "widgets"
        }, {
          "id" : "b5e2a119-68f6-4fbe-a05b-65cd6a554cc3",
          "type" : "widgets"
        }, {
          "id" : "06804f56-09a2-4c89-9bf7-aae6b2a32378",
          "type" : "widgets"
        }, {
          "id" : "888c363d-8aa4-4f29-880d-17ac3bb99d94",
          "type" : "widgets"
        }, {
          "id" : "11c7dfb1-1f81-43cc-94a6-b25ad9116dc3",
          "type" : "widgets"
        }, {
          "id" : "4cc1d053-4745-4c18-b444-4c601f827f35",
          "type" : "widgets"
        } ]
      },
      "custom_dashboard_parameters" : {
        "data" : [ {
          "id" : "56cb58ef-7a80-4c04-83b5-6be70f76a64d",
          "type" : "custom_dashboards_parameters"
        }, {
          "id" : "b198da44-77fe-4f33-8aaf-aca8257ac049",
          "type" : "custom_dashboards_parameters"
        }, {
          "id" : "d3c88665-12c2-4dfb-8cfd-e0c25c79d842",
          "type" : "custom_dashboards_parameters"
        } ]
      }
    }
  },
  "included" : [ {
    "id" : "e68d7911-0fc7-48f2-aef2-8304239f9142",
    "type" : "widgets",
    "attributes" : {
      "widget_id" : "e68d7911-0fc7-48f2-aef2-8304239f9142",
      "widget_type" : "donut",
      "widget_config" : {
        "start" : null,
        "end" : null,
        "series" : [ {
          "name" : "Performance overview",
          "filter" : {
            "mode" : "and",
            "filters" : [ {
              "key" : "base_entity",
              "mode" : "or",
              "values" : [ "expectation-inject" ],
              "operator" : "eq"
            }, {
              "key" : "inject_expectation_type",
              "mode" : "or",
              "values" : [ "MANUAL" ],
              "operator" : "eq"
            } ]
          }
        } ],
        "mode" : "structural",
        "stacked" : false,
        "limit" : 10,
        "field" : "inject_expectation_status",
        "widget_configuration_type" : "structural-histogram",
        "title" : "Performance overview",
        "time_range" : "DEFAULT",
        "date_attribute" : "base_created_at",
        "display_legend" : false
      },
      "widget_layout" : {
        "widget_layout_w" : 2,
        "widget_layout_h" : 4,
        "widget_layout_x" : 0,
        "widget_layout_y" : 0
      },
      "widget_created_at" : "2025-10-06T12:19:12.954725Z",
      "widget_updated_at" : "2025-10-06T12:19:12.954725Z"
    }
  }, {
    "id" : "aa8ba8de-3e4e-4cf6-91bc-978d01536e2b",
    "type" : "widgets",
    "attributes" : {
      "widget_id" : "aa8ba8de-3e4e-4cf6-91bc-978d01536e2b",
      "widget_type" : "donut",
      "widget_config" : {
        "start" : null,
        "end" : null,
        "series" : [ {
          "name" : "",
          "filter" : {
            "mode" : "and",
            "filters" : [ {
              "key" : "base_entity",
              "mode" : "or",
              "values" : [ "expectation-inject" ],
              "operator" : "eq"
            } ]
          }
        } ],
        "mode" : "structural",
        "stacked" : false,
        "limit" : 10,
        "field" : "base_team_side",
        "widget_configuration_type" : "structural-histogram",
        "title" : "TEAMS ENGAGED",
        "time_range" : "DEFAULT",
        "date_attribute" : "base_created_at",
        "display_legend" : false
      },
      "widget_layout" : {
        "widget_layout_w" : 4,
        "widget_layout_h" : 6,
        "widget_layout_x" : 8,
        "widget_layout_y" : 0
      },
      "widget_created_at" : "2025-10-06T12:19:12.958798Z",
      "widget_updated_at" : "2025-10-06T12:19:12.958798Z"
    }
  }, {
    "id" : "1a408b54-4226-4250-860b-d8e3e7e53311",
    "type" : "widgets",
    "attributes" : {
      "widget_id" : "1a408b54-4226-4250-860b-d8e3e7e53311",
      "widget_type" : "horizontal-barchart",
      "widget_config" : {
        "start" : null,
        "end" : null,
        "series" : [ {
          "name" : "",
          "filter" : {
            "mode" : "and",
            "filters" : [ {
              "key" : "base_entity",
              "mode" : "or",
              "values" : [ "expectation-inject" ],
              "operator" : "eq"
            } ]
          }
        } ],
        "mode" : "structural",
        "stacked" : false,
        "limit" : 10,
        "field" : "inject_expectation_type",
        "widget_configuration_type" : "structural-histogram",
        "title" : "Injects Types",
        "time_range" : "DEFAULT",
        "date_attribute" : "base_created_at",
        "display_legend" : false
      },
      "widget_layout" : {
        "widget_layout_w" : 4,
        "widget_layout_h" : 6,
        "widget_layout_x" : 4,
        "widget_layout_y" : 0
      },
      "widget_created_at" : "2025-10-06T12:19:12.959882Z",
      "widget_updated_at" : "2025-10-06T12:19:12.959882Z"
    }
  }, {
    "id" : "66a48736-5428-4199-8efa-29b7693bf796",
    "type" : "widgets",
    "attributes" : {
      "widget_id" : "66a48736-5428-4199-8efa-29b7693bf796",
      "widget_type" : "number",
      "widget_config" : {
        "start" : null,
        "end" : null,
        "series" : [ {
          "name" : "",
          "filter" : {
            "mode" : "and",
            "filters" : [ {
              "key" : "base_entity",
              "mode" : "or",
              "values" : [ "inject" ],
              "operator" : "eq"
            } ]
          }
        } ],
        "widget_configuration_type" : "flat",
        "title" : "Injects",
        "time_range" : "DEFAULT",
        "date_attribute" : "base_created_at"
      },
      "widget_layout" : {
        "widget_layout_w" : 2,
        "widget_layout_h" : 2,
        "widget_layout_x" : 0,
        "widget_layout_y" : 4
      },
      "widget_created_at" : "2025-10-06T12:19:12.960961Z",
      "widget_updated_at" : "2025-10-06T12:19:12.960961Z"
    }
  }, {
    "id" : "46c222ed-1a9c-43df-a363-8b7a8c9266a6",
    "type" : "widgets",
    "attributes" : {
      "widget_id" : "46c222ed-1a9c-43df-a363-8b7a8c9266a6",
      "widget_type" : "vertical-barchart",
      "widget_config" : {
        "start" : null,
        "end" : null,
        "series" : [ {
          "name" : "Failed",
          "filter" : {
            "mode" : "and",
            "filters" : [ {
              "key" : "base_entity",
              "mode" : "or",
              "values" : [ "expectation-inject" ],
              "operator" : "eq"
            }, {
              "key" : "inject_expectation_status",
              "mode" : "or",
              "values" : [ "FAILED" ],
              "operator" : "eq"
            }, {
              "key" : "inject_expectation_type",
              "mode" : "or",
              "values" : [ "DOCUMENT", "ARTICLE", "CHALLENGE", "MANUAL" ],
              "operator" : "eq"
            } ]
          }
        }, {
          "name" : "Success",
          "filter" : {
            "mode" : "and",
            "filters" : [ {
              "key" : "base_entity",
              "mode" : "or",
              "values" : [ "expectation-inject" ],
              "operator" : "eq"
            }, {
              "key" : "inject_expectation_type",
              "mode" : "or",
              "values" : [ "TEXT", "DOCUMENT", "ARTICLE", "CHALLENGE", "MANUAL" ],
              "operator" : "eq"
            }, {
              "key" : "inject_expectation_status",
              "mode" : "or",
              "values" : [ "SUCCESS" ],
              "operator" : "eq"
            } ]
          }
        } ],
        "mode" : "structural",
        "stacked" : false,
        "limit" : 100,
        "field" : "base_team_side",
        "widget_configuration_type" : "structural-histogram",
        "title" : "Success/Fails by teams",
        "time_range" : "DEFAULT",
        "date_attribute" : "base_created_at",
        "display_legend" : false
      },
      "widget_layout" : {
        "widget_layout_w" : 8,
        "widget_layout_h" : 6,
        "widget_layout_x" : 4,
        "widget_layout_y" : 6
      },
      "widget_created_at" : "2025-10-06T12:19:12.961648Z",
      "widget_updated_at" : "2025-10-06T12:19:12.961648Z"
    }
  }, {
    "id" : "8ba30311-4f76-4d61-ab9e-d265591e8ef5",
    "type" : "widgets",
    "attributes" : {
      "widget_id" : "8ba30311-4f76-4d61-ab9e-d265591e8ef5",
      "widget_type" : "line",
      "widget_config" : {
        "start" : null,
        "end" : null,
        "series" : [ {
          "name" : "",
          "filter" : {
            "mode" : "and",
            "filters" : [ {
              "key" : "base_entity",
              "mode" : "or",
              "values" : [ "scenario" ],
              "operator" : "eq"
            } ]
          }
        } ],
        "mode" : "temporal",
        "stacked" : false,
        "interval" : "week",
        "widget_configuration_type" : "temporal-histogram",
        "title" : "Scenarios over time",
        "time_range" : "DEFAULT",
        "date_attribute" : "base_created_at",
        "display_legend" : false
      },
      "widget_layout" : {
        "widget_layout_w" : 4,
        "widget_layout_h" : 6,
        "widget_layout_x" : 0,
        "widget_layout_y" : 6
      },
      "widget_created_at" : "2025-10-06T12:19:12.962811Z",
      "widget_updated_at" : "2025-10-06T12:19:12.962811Z"
    }
  }, {
    "id" : "35c6e179-1164-482f-a6ee-f511724f12bc",
    "type" : "widgets",
    "attributes" : {
      "widget_id" : "35c6e179-1164-482f-a6ee-f511724f12bc",
      "widget_type" : "number",
      "widget_config" : {
        "start" : null,
        "end" : null,
        "series" : [ {
          "name" : "Injects failed",
          "filter" : {
            "mode" : "and",
            "filters" : [ {
              "key" : "base_entity",
              "mode" : "or",
              "values" : [ "inject" ],
              "operator" : "eq"
            }, {
              "key" : "inject_status",
              "mode" : "or",
              "values" : [ "SUCCESS" ],
              "operator" : "not_eq"
            } ]
          }
        } ],
        "widget_configuration_type" : "flat",
        "title" : "Injects not success",
        "time_range" : "DEFAULT",
        "date_attribute" : "base_created_at"
      },
      "widget_layout" : {
        "widget_layout_w" : 2,
        "widget_layout_h" : 2,
        "widget_layout_x" : 2,
        "widget_layout_y" : 4
      },
      "widget_created_at" : "2025-10-06T12:19:12.963895Z",
      "widget_updated_at" : "2025-10-06T12:19:12.963895Z"
    }
  }, {
    "id" : "b5e2a119-68f6-4fbe-a05b-65cd6a554cc3",
    "type" : "widgets",
    "attributes" : {
      "widget_id" : "b5e2a119-68f6-4fbe-a05b-65cd6a554cc3",
      "widget_type" : "donut",
      "widget_config" : {
        "start" : null,
        "end" : null,
        "series" : [ {
          "name" : "",
          "filter" : {
            "mode" : "and",
            "filters" : [ {
              "key" : "base_entity",
              "mode" : "or",
              "values" : [ "inject" ],
              "operator" : "eq"
            } ]
          }
        } ],
        "mode" : "structural",
        "stacked" : false,
        "limit" : 10,
        "field" : "inject_status",
        "widget_configuration_type" : "structural-histogram",
        "title" : "Injects status",
        "time_range" : "DEFAULT",
        "date_attribute" : "base_created_at",
        "display_legend" : false
      },
      "widget_layout" : {
        "widget_layout_w" : 5,
        "widget_layout_h" : 6,
        "widget_layout_x" : 0,
        "widget_layout_y" : 12
      },
      "widget_created_at" : "2025-10-06T12:19:12.965056Z",
      "widget_updated_at" : "2025-10-06T12:19:12.965056Z"
    }
  }, {
    "id" : "06804f56-09a2-4c89-9bf7-aae6b2a32378",
    "type" : "widgets",
    "attributes" : {
      "widget_id" : "06804f56-09a2-4c89-9bf7-aae6b2a32378",
      "widget_type" : "number",
      "widget_config" : {
        "start" : null,
        "end" : null,
        "series" : [ {
          "name" : "",
          "filter" : {
            "mode" : "and",
            "filters" : [ {
              "key" : "base_entity",
              "mode" : "or",
              "values" : [ "scenario" ],
              "operator" : "eq"
            } ]
          }
        } ],
        "widget_configuration_type" : "flat",
        "title" : "scenarios",
        "time_range" : "DEFAULT",
        "date_attribute" : "base_created_at"
      },
      "widget_layout" : {
        "widget_layout_w" : 2,
        "widget_layout_h" : 2,
        "widget_layout_x" : 2,
        "widget_layout_y" : 0
      },
      "widget_created_at" : "2025-10-06T12:19:12.966268Z",
      "widget_updated_at" : "2025-10-06T12:19:12.966268Z"
    }
  }, {
    "id" : "888c363d-8aa4-4f29-880d-17ac3bb99d94",
    "type" : "widgets",
    "attributes" : {
      "widget_id" : "888c363d-8aa4-4f29-880d-17ac3bb99d94",
      "widget_type" : "list",
      "widget_config" : {
        "start" : null,
        "end" : null,
        "series" : [ ],
        "perspective" : {
          "name" : "",
          "filter" : {
            "mode" : "and",
            "filters" : [ {
              "key" : "base_entity",
              "mode" : "or",
              "values" : [ "scenario" ],
              "operator" : "eq"
            } ]
          }
        },
        "columns" : [ "name", "base_created_at", "status", "base_tags_side" ],
        "sorts" : [ {
          "fieldName" : "base_created_at",
          "direction" : "DESC"
        } ],
        "limit" : 100,
        "widget_configuration_type" : "list",
        "title" : "Latest Scenarios",
        "time_range" : "DEFAULT",
        "date_attribute" : "base_created_at"
      },
      "widget_layout" : {
        "widget_layout_w" : 7,
        "widget_layout_h" : 6,
        "widget_layout_x" : 5,
        "widget_layout_y" : 12
      },
      "widget_created_at" : "2025-10-06T12:19:12.967306Z",
      "widget_updated_at" : "2025-10-06T12:19:12.967306Z"
    }
  }, {
    "id" : "11c7dfb1-1f81-43cc-94a6-b25ad9116dc3",
    "type" : "widgets",
    "attributes" : {
      "widget_id" : "11c7dfb1-1f81-43cc-94a6-b25ad9116dc3",
      "widget_type" : "number",
      "widget_config" : {
        "start" : null,
        "end" : null,
        "series" : [ {
          "name" : "",
          "filter" : {
            "mode" : "and",
            "filters" : [ {
              "key" : "base_entity",
              "mode" : "or",
              "values" : [ "simulation" ],
              "operator" : "eq"
            }, {
              "key" : "inject_expectation_status",
              "mode" : "or",
              "values" : [ ],
              "operator" : "eq"
            }, {
              "key" : "status",
              "mode" : "or",
              "values" : [ "FINISHED" ],
              "operator" : "eq"
            } ]
          }
        } ],
        "widget_configuration_type" : "flat",
        "title" : "Simulations Finished",
        "time_range" : "DEFAULT",
        "date_attribute" : "base_created_at"
      },
      "widget_layout" : {
        "widget_layout_w" : 2,
        "widget_layout_h" : 2,
        "widget_layout_x" : 2,
        "widget_layout_y" : 2
      },
      "widget_created_at" : "2025-10-06T12:19:12.968236Z",
      "widget_updated_at" : "2025-10-06T12:19:12.968236Z"
    }
  }, {
    "id" : "4cc1d053-4745-4c18-b444-4c601f827f35",
    "type" : "widgets",
    "attributes" : {
      "widget_id" : "4cc1d053-4745-4c18-b444-4c601f827f35",
      "widget_type" : "list",
      "widget_config" : {
        "start" : null,
        "end" : null,
        "series" : [ ],
        "perspective" : {
          "name" : "",
          "filter" : {
            "mode" : "and",
            "filters" : [ {
              "key" : "base_entity",
              "mode" : "or",
              "values" : [ "simulation" ],
              "operator" : "eq"
            } ]
          }
        },
        "columns" : [ "name", "status", "base_created_at", "base_tags_side" ],
        "sorts" : [ {
          "fieldName" : "base_created_at",
          "direction" : "DESC"
        } ],
        "limit" : 100,
        "widget_configuration_type" : "list",
        "title" : "Latest simulations",
        "time_range" : "DEFAULT",
        "date_attribute" : "base_created_at"
      },
      "widget_layout" : {
        "widget_layout_w" : 12,
        "widget_layout_h" : 6,
        "widget_layout_x" : 0,
        "widget_layout_y" : 18
      },
      "widget_created_at" : "2025-10-06T12:19:12.969279Z",
      "widget_updated_at" : "2025-10-06T12:19:12.969279Z"
    }
  }, {
    "id" : "56cb58ef-7a80-4c04-83b5-6be70f76a64d",
    "type" : "custom_dashboards_parameters",
    "attributes" : {
      "custom_dashboards_parameter_id" : "56cb58ef-7a80-4c04-83b5-6be70f76a64d",
      "custom_dashboards_parameter_name" : "End date",
      "custom_dashboards_parameter_type" : "endDate"
    }
  }, {
    "id" : "b198da44-77fe-4f33-8aaf-aca8257ac049",
    "type" : "custom_dashboards_parameters",
    "attributes" : {
      "custom_dashboards_parameter_id" : "b198da44-77fe-4f33-8aaf-aca8257ac049",
      "custom_dashboards_parameter_name" : "Start date",
      "custom_dashboards_parameter_type" : "startDate"
    }
  }, {
    "id" : "d3c88665-12c2-4dfb-8cfd-e0c25c79d842",
    "type" : "custom_dashboards_parameters",
    "attributes" : {
      "custom_dashboards_parameter_id" : "d3c88665-12c2-4dfb-8cfd-e0c25c79d842",
      "custom_dashboards_parameter_name" : "Time range",
      "custom_dashboards_parameter_type" : "timeRange"
    }
  } ]
}