{
  "data" : {
    "id" : "7a10e3ef-5440-4a2e-83e2-57815f8d41b3",
    "type" : "custom_dashboards",
    "attributes" : {
      "custom_dashboard_id" : "7a10e3ef-5440-4a2e-83e2-57815f8d41b3",
      "custom_dashboard_name" : "Tabletop Exercice scenario",
      "custom_dashboard_description" : "",
      "custom_dashboard_created_at" : "2025-10-06T12:19:12.983561Z",
      "custom_dashboard_updated_at" : "2025-10-06T12:21:05.915408Z"
    },
    "relationships" : {
      "custom_dashboard_widgets" : {
        "data" : [ {
          "id" : "0bf5695e-c007-4914-a4be-fe2a58622020",
          "type" : "widgets"
        }, {
          "id" : "b50c83bb-3457-40c1-b82a-1fb7677a7365",
          "type" : "widgets"
        }, {
          "id" : "652ec9c4-e597-4ad1-8066-79cfb4a6cf6c",
          "type" : "widgets"
        }, {
          "id" : "d9a2709f-1bb6-4ad2-9db8-9a72e9a8dbc3",
          "type" : "widgets"
        }, {
          "id" : "87cb80a7-6868-4982-abe0-8cb2c48ff8d4",
          "type" : "widgets"
        }, {
          "id" : "22c523ca-d0b0-4be4-a15a-df8a5f20a913",
          "type" : "widgets"
        }, {
          "id" : "f0171fd3-598a-4509-972e-95e8edd649b0",
          "type" : "widgets"
        }, {
          "id" : "cae42c98-967d-4451-a6b6-1db8a95ba8f8",
          "type" : "widgets"
        }, {
          "id" : "11ab394e-f66d-4598-881c-1737a698b43d",
          "type" : "widgets"
        }, {
          "id" : "fe13dca1-348d-48d3-ad87-8a9ea84a1d7f",
          "type" : "widgets"
        }, {
          "id" : "c931b89d-05b4-4dc0-ba9c-b2e36baf51fc",
          "type" : "widgets"
        } ]
      },
      "custom_dashboard_parameters" : {
        "data" : [ {
          "id" : "866c4285-0ee8-4794-ae8b-6075b9b8d435",
          "type" : "custom_dashboards_parameters"
        }, {
          "id" : "91b996aa-b04a-4965-bfb2-e93257c0ce2e",
          "type" : "custom_dashboards_parameters"
        }, {
          "id" : "b5bb6d0f-3d57-48d4-a186-32364c34008b",
          "type" : "custom_dashboards_parameters"
        }, {
          "id" : "cb423f25-5afa-4c4d-b438-433105cc9375",
          "type" : "custom_dashboards_parameters"
        } ]
      }
    }
  },
  "included" : [ {
    "id" : "0bf5695e-c007-4914-a4be-fe2a58622020",
    "type" : "widgets",
    "attributes" : {
      "widget_id" : "0bf5695e-c007-4914-a4be-fe2a58622020",
      "widget_type" : "donut",
      "widget_config" : {
        "start" : null,
        "end" : null,
        "series" : [ {
          "name" : "Performance overview",
          "filter" : {
            "mode" : "and",
            "filters" : [ {
              "key" : "base_entity",
              "mode" : "or",
              "values" : [ "expectation-inject" ],
              "operator" : "eq"
            }, {
              "key" : "inject_expectation_type",
              "mode" : "or",
              "values" : [ "MANUAL" ],
              "operator" : "eq"
            }, {
              "key" : "base_scenario_side",
              "mode" : "or",
              "values" : [ "e91c3ca6-05db-43fe-b6e0-d45bc4feca7e" ],
              "operator" : "eq"
            } ]
          }
        } ],
        "mode" : "structural",
        "stacked" : false,
        "limit" : 10,
        "field" : "inject_expectation_status",
        "widget_configuration_type" : "structural-histogram",
        "title" : "Performance overview",
        "time_range" : "DEFAULT",
        "date_attribute" : "base_created_at",
        "display_legend" : false
      },
      "widget_layout" : {
        "widget_layout_w" : 2,
        "widget_layout_h" : 4,
        "widget_layout_x" : 0,
        "widget_layout_y" : 0
      },
      "widget_created_at" : "2025-10-06T12:19:12.992082Z",
      "widget_updated_at" : "2025-10-06T12:19:12.992082Z"
    }
  }, {
    "id" : "b50c83bb-3457-40c1-b82a-1fb7677a7365",
    "type" : "widgets",
    "attributes" : {
      "widget_id" : "b50c83bb-3457-40c1-b82a-1fb7677a7365",
      "widget_type" : "donut",
      "widget_config" : {
        "start" : null,
        "end" : null,
        "series" : [ {
          "name" : "",
          "filter" : {
            "mode" : "and",
            "filters" : [ {
              "key" : "base_entity",
              "mode" : "or",
              "values" : [ "expectation-inject" ],
              "operator" : "eq"
            }, {
              "key" : "base_scenario_side",
              "mode" : "or",
              "values" : [ "e91c3ca6-05db-43fe-b6e0-d45bc4feca7e" ],
              "operator" : "eq"
            } ]
          }
        } ],
        "mode" : "structural",
        "stacked" : false,
        "limit" : 10,
        "field" : "base_team_side",
        "widget_configuration_type" : "structural-histogram",
        "title" : "TEAMS ENGAGED",
        "time_range" : "DEFAULT",
        "date_attribute" : "base_created_at",
        "display_legend" : false
      },
      "widget_layout" : {
        "widget_layout_w" : 4,
        "widget_layout_h" : 6,
        "widget_layout_x" : 8,
        "widget_layout_y" : 0
      },
      "widget_created_at" : "2025-10-06T12:19:12.993145Z",
      "widget_updated_at" : "2025-10-06T12:19:12.993145Z"
    }
  }, {
    "id" : "652ec9c4-e597-4ad1-8066-79cfb4a6cf6c",
    "type" : "widgets",
    "attributes" : {
      "widget_id" : "652ec9c4-e597-4ad1-8066-79cfb4a6cf6c",
      "widget_type" : "horizontal-barchart",
      "widget_config" : {
        "start" : null,
        "end" : null,
        "series" : [ {
          "name" : "",
          "filter" : {
            "mode" : "and",
            "filters" : [ {
              "key" : "base_entity",
              "mode" : "or",
              "values" : [ "expectation-inject" ],
              "operator" : "eq"
            }, {
              "key" : "base_scenario_side",
              "mode" : "or",
              "values" : [ "e91c3ca6-05db-43fe-b6e0-d45bc4feca7e" ],
              "operator" : "eq"
            } ]
          }
        } ],
        "mode" : "structural",
        "stacked" : false,
        "limit" : 10,
        "field" : "inject_expectation_type",
        "widget_configuration_type" : "structural-histogram",
        "title" : "Injects Types",
        "time_range" : "DEFAULT",
        "date_attribute" : "base_created_at",
        "display_legend" : false
      },
      "widget_layout" : {
        "widget_layout_w" : 4,
        "widget_layout_h" : 6,
        "widget_layout_x" : 4,
        "widget_layout_y" : 0
      },
      "widget_created_at" : "2025-10-06T12:19:12.994673Z",
      "widget_updated_at" : "2025-10-06T12:19:12.994673Z"
    }
  }, {
    "id" : "d9a2709f-1bb6-4ad2-9db8-9a72e9a8dbc3",
    "type" : "widgets",
    "attributes" : {
      "widget_id" : "d9a2709f-1bb6-4ad2-9db8-9a72e9a8dbc3",
      "widget_type" : "number",
      "widget_config" : {
        "start" : null,
        "end" : null,
        "series" : [ {
          "name" : "",
          "filter" : {
            "mode" : "and",
            "filters" : [ {
              "key" : "base_entity",
              "mode" : "or",
              "values" : [ "inject" ],
              "operator" : "eq"
            }, {
              "key" : "base_scenario_side",
              "mode" : "or",
              "values" : [ "e91c3ca6-05db-43fe-b6e0-d45bc4feca7e" ],
              "operator" : "eq"
            } ]
          }
        } ],
        "widget_configuration_type" : "flat",
        "title" : "Injects",
        "time_range" : "DEFAULT",
        "date_attribute" : "base_created_at"
      },
      "widget_layout" : {
        "widget_layout_w" : 2,
        "widget_layout_h" : 2,
        "widget_layout_x" : 2,
        "widget_layout_y" : 2
      },
      "widget_created_at" : "2025-10-06T12:19:12.995711Z",
      "widget_updated_at" : "2025-10-06T12:19:12.995711Z"
    }
  }, {
    "id" : "87cb80a7-6868-4982-abe0-8cb2c48ff8d4",
    "type" : "widgets",
    "attributes" : {
      "widget_id" : "87cb80a7-6868-4982-abe0-8cb2c48ff8d4",
      "widget_type" : "vertical-barchart",
      "widget_config" : {
        "start" : null,
        "end" : null,
        "series" : [ {
          "name" : "Failed",
          "filter" : {
            "mode" : "and",
            "filters" : [ {
              "key" : "base_entity",
              "mode" : "or",
              "values" : [ "expectation-inject" ],
              "operator" : "eq"
            }, {
              "key" : "inject_expectation_status",
              "mode" : "or",
              "values" : [ "FAILED" ],
              "operator" : "eq"
            }, {
              "key" : "base_scenario_side",
              "mode" : "or",
              "values" : [ "e91c3ca6-05db-43fe-b6e0-d45bc4feca7e" ],
              "operator" : "eq"
            }, {
              "key" : "inject_expectation_type",
              "mode" : "or",
              "values" : [ "DOCUMENT", "ARTICLE", "CHALLENGE", "MANUAL" ],
              "operator" : "eq"
            } ]
          }
        }, {
          "name" : "Success",
          "filter" : {
            "mode" : "and",
            "filters" : [ {
              "key" : "base_entity",
              "mode" : "or",
              "values" : [ "expectation-inject" ],
              "operator" : "eq"
            }, {
              "key" : "inject_expectation_type",
              "mode" : "or",
              "values" : [ "TEXT", "DOCUMENT", "ARTICLE", "CHALLENGE", "MANUAL" ],
              "operator" : "eq"
            }, {
              "key" : "inject_expectation_status",
              "mode" : "or",
              "values" : [ "SUCCESS" ],
              "operator" : "eq"
            }, {
              "key" : "base_scenario_side",
              "mode" : "or",
              "values" : [ "e91c3ca6-05db-43fe-b6e0-d45bc4feca7e" ],
              "operator" : "eq"
            } ]
          }
        } ],
        "mode" : "structural",
        "stacked" : false,
        "limit" : 100,
        "field" : "base_team_side",
        "widget_configuration_type" : "structural-histogram",
        "title" : "Success/Fails by teams",
        "time_range" : "DEFAULT",
        "date_attribute" : "base_created_at",
        "display_legend" : false
      },
      "widget_layout" : {
        "widget_layout_w" : 8,
        "widget_layout_h" : 6,
        "widget_layout_x" : 4,
        "widget_layout_y" : 6
      },
      "widget_created_at" : "2025-10-06T12:19:12.997525Z",
      "widget_updated_at" : "2025-10-06T12:19:12.997525Z"
    }
  }, {
    "id" : "22c523ca-d0b0-4be4-a15a-df8a5f20a913",
    "type" : "widgets",
    "attributes" : {
      "widget_id" : "22c523ca-d0b0-4be4-a15a-df8a5f20a913",
      "widget_type" : "line",
      "widget_config" : {
        "start" : null,
        "end" : null,
        "series" : [ {
          "name" : "",
          "filter" : {
            "mode" : "and",
            "filters" : [ {
              "key" : "base_entity",
              "mode" : "or",
              "values" : [ "simulation" ],
              "operator" : "eq"
            }, {
              "key" : "base_scenario_side",
              "mode" : "or",
              "values" : [ "e91c3ca6-05db-43fe-b6e0-d45bc4feca7e" ],
              "operator" : "eq"
            } ]
          }
        } ],
        "mode" : "temporal",
        "stacked" : false,
        "interval" : "week",
        "widget_configuration_type" : "temporal-histogram",
        "title" : "Simulations over time",
        "time_range" : "DEFAULT",
        "date_attribute" : "base_created_at",
        "display_legend" : false
      },
      "widget_layout" : {
        "widget_layout_w" : 4,
        "widget_layout_h" : 6,
        "widget_layout_x" : 0,
        "widget_layout_y" : 4
      },
      "widget_created_at" : "2025-10-06T12:19:12.998552Z",
      "widget_updated_at" : "2025-10-06T12:19:12.998552Z"
    }
  }, {
    "id" : "f0171fd3-598a-4509-972e-95e8edd649b0",
    "type" : "widgets",
    "attributes" : {
      "widget_id" : "f0171fd3-598a-4509-972e-95e8edd649b0",
      "widget_type" : "number",
      "widget_config" : {
        "start" : null,
        "end" : null,
        "series" : [ {
          "name" : "Injects failed",
          "filter" : {
            "mode" : "and",
            "filters" : [ {
              "key" : "base_entity",
              "mode" : "or",
              "values" : [ "inject" ],
              "operator" : "eq"
            }, {
              "key" : "inject_status",
              "mode" : "or",
              "values" : [ "SUCCESS" ],
              "operator" : "not_eq"
            }, {
              "key" : "base_scenario_side",
              "mode" : "or",
              "values" : [ "e91c3ca6-05db-43fe-b6e0-d45bc4feca7e" ],
              "operator" : "eq"
            } ]
          }
        } ],
        "widget_configuration_type" : "flat",
        "title" : "Injects not success",
        "time_range" : "DEFAULT",
        "date_attribute" : "base_created_at"
      },
      "widget_layout" : {
        "widget_layout_w" : 2,
        "widget_layout_h" : 2,
        "widget_layout_x" : 0,
        "widget_layout_y" : 10
      },
      "widget_created_at" : "2025-10-06T12:19:13.000168Z",
      "widget_updated_at" : "2025-10-06T12:19:13.000168Z"
    }
  }, {
    "id" : "cae42c98-967d-4451-a6b6-1db8a95ba8f8",
    "type" : "widgets",
    "attributes" : {
      "widget_id" : "cae42c98-967d-4451-a6b6-1db8a95ba8f8",
      "widget_type" : "list",
      "widget_config" : {
        "start" : null,
        "end" : null,
        "series" : [ ],
        "perspective" : {
          "name" : "",
          "filter" : {
            "mode" : "and",
            "filters" : [ {
              "key" : "base_entity",
              "mode" : "or",
              "values" : [ "simulation" ],
              "operator" : "eq"
            }, {
              "key" : "base_scenario_side",
              "mode" : "or",
              "values" : [ "e91c3ca6-05db-43fe-b6e0-d45bc4feca7e" ],
              "operator" : "eq"
            } ]
          }
        },
        "columns" : [ "name", "base_created_at", "status", "base_tags_side" ],
        "sorts" : [ {
          "fieldName" : "base_created_at",
          "direction" : "DESC"
        } ],
        "limit" : 100,
        "widget_configuration_type" : "list",
        "title" : "Latest simulations",
        "time_range" : "DEFAULT",
        "date_attribute" : "base_created_at"
      },
      "widget_layout" : {
        "widget_layout_w" : 7,
        "widget_layout_h" : 6,
        "widget_layout_x" : 5,
        "widget_layout_y" : 12
      },
      "widget_created_at" : "2025-10-06T12:19:13.001249Z",
      "widget_updated_at" : "2025-10-06T12:19:13.001249Z"
    }
  }, {
    "id" : "11ab394e-f66d-4598-881c-1737a698b43d",
    "type" : "widgets",
    "attributes" : {
      "widget_id" : "11ab394e-f66d-4598-881c-1737a698b43d",
      "widget_type" : "number",
      "widget_config" : {
        "start" : null,
        "end" : null,
        "series" : [ {
          "name" : "",
          "filter" : {
            "mode" : "and",
            "filters" : [ {
              "key" : "base_entity",
              "mode" : "or",
              "values" : [ "simulation" ],
              "operator" : "eq"
            }, {
              "key" : "base_scenario_side",
              "mode" : "or",
              "values" : [ "e91c3ca6-05db-43fe-b6e0-d45bc4feca7e" ],
              "operator" : "eq"
            } ]
          }
        } ],
        "widget_configuration_type" : "flat",
        "title" : "Simulations",
        "time_range" : "DEFAULT",
        "date_attribute" : "base_created_at"
      },
      "widget_layout" : {
        "widget_layout_w" : 2,
        "widget_layout_h" : 2,
        "widget_layout_x" : 2,
        "widget_layout_y" : 0
      },
      "widget_created_at" : "2025-10-06T12:19:13.002326Z",
      "widget_updated_at" : "2025-10-06T12:19:13.002326Z"
    }
  }, {
    "id" : "fe13dca1-348d-48d3-ad87-8a9ea84a1d7f",
    "type" : "widgets",
    "attributes" : {
      "widget_id" : "fe13dca1-348d-48d3-ad87-8a9ea84a1d7f",
      "widget_type" : "donut",
      "widget_config" : {
        "start" : null,
        "end" : null,
        "series" : [ {
          "name" : "",
          "filter" : {
            "mode" : "and",
            "filters" : [ {
              "key" : "base_entity",
              "mode" : "or",
              "values" : [ "inject" ],
              "operator" : "eq"
            }, {
              "key" : "base_scenario_side",
              "mode" : "or",
              "values" : [ "e91c3ca6-05db-43fe-b6e0-d45bc4feca7e" ],
              "operator" : "eq"
            } ]
          }
        } ],
        "mode" : "structural",
        "stacked" : false,
        "limit" : 10,
        "field" : "inject_status",
        "widget_configuration_type" : "structural-histogram",
        "title" : "Injects status",
        "time_range" : "DEFAULT",
        "date_attribute" : "base_created_at",
        "display_legend" : false
      },
      "widget_layout" : {
        "widget_layout_w" : 5,
        "widget_layout_h" : 6,
        "widget_layout_x" : 0,
        "widget_layout_y" : 12
      },
      "widget_created_at" : "2025-10-06T12:19:13.003402Z",
      "widget_updated_at" : "2025-10-06T12:19:13.003402Z"
    }
  }, {
    "id" : "c931b89d-05b4-4dc0-ba9c-b2e36baf51fc",
    "type" : "widgets",
    "attributes" : {
      "widget_id" : "c931b89d-05b4-4dc0-ba9c-b2e36baf51fc",
      "widget_type" : "number",
      "widget_config" : {
        "start" : null,
        "end" : null,
        "series" : [ {
          "name" : "",
          "filter" : {
            "mode" : "and",
            "filters" : [ {
              "key" : "base_entity",
              "mode" : "or",
              "values" : [ "simulation" ],
              "operator" : "eq"
            }, {
              "key" : "inject_expectation_status",
              "mode" : "or",
              "values" : [ ],
              "operator" : "eq"
            }, {
              "key" : "base_scenario_side",
              "mode" : "or",
              "values" : [ "e91c3ca6-05db-43fe-b6e0-d45bc4feca7e" ],
              "operator" : "eq"
            }, {
              "key" : "status",
              "mode" : "or",
              "values" : [ "FINISHED" ],
              "operator" : "eq"
            } ]
          }
        } ],
        "widget_configuration_type" : "flat",
        "title" : "Simulations Finished",
        "time_range" : "DEFAULT",
        "date_attribute" : "base_created_at"
      },
      "widget_layout" : {
        "widget_layout_w" : 2,
        "widget_layout_h" : 2,
        "widget_layout_x" : 2,
        "widget_layout_y" : 10
      },
      "widget_created_at" : "2025-10-06T12:19:13.004410Z",
      "widget_updated_at" : "2025-10-06T12:19:13.004410Z"
    }
  }, {
    "id" : "866c4285-0ee8-4794-ae8b-6075b9b8d435",
    "type" : "custom_dashboards_parameters",
    "attributes" : {
      "custom_dashboards_parameter_id" : "866c4285-0ee8-4794-ae8b-6075b9b8d435",
      "custom_dashboards_parameter_name" : "Time range",
      "custom_dashboards_parameter_type" : "timeRange"
    }
  }, {
    "id" : "91b996aa-b04a-4965-bfb2-e93257c0ce2e",
    "type" : "custom_dashboards_parameters",
    "attributes" : {
      "custom_dashboards_parameter_id" : "91b996aa-b04a-4965-bfb2-e93257c0ce2e",
      "custom_dashboards_parameter_name" : "Scenario",
      "custom_dashboards_parameter_type" : "scenario"
    }
  }, {
    "id" : "b5bb6d0f-3d57-48d4-a186-32364c34008b",
    "type" : "custom_dashboards_parameters",
    "attributes" : {
      "custom_dashboards_parameter_id" : "b5bb6d0f-3d57-48d4-a186-32364c34008b",
      "custom_dashboards_parameter_name" : "Start date",
      "custom_dashboards_parameter_type" : "startDate"
    }
  }, {
    "id" : "cb423f25-5afa-4c4d-b438-433105cc9375",
    "type" : "custom_dashboards_parameters",
    "attributes" : {
      "custom_dashboards_parameter_id" : "cb423f25-5afa-4c4d-b438-433105cc9375",
      "custom_dashboards_parameter_name" : "End date",
      "custom_dashboards_parameter_type" : "endDate"
    }
  } ]
}