{
  "data" : {
    "id" : "92256481-8d5e-433b-ae94-5c5aea3ff15e",
    "type" : "custom_dashboards",
    "attributes" : {
      "custom_dashboard_id" : "92256481-8d5e-433b-ae94-5c5aea3ff15e",
      "custom_dashboard_name" : "Technical scenario",
      "custom_dashboard_description" : "",
      "custom_dashboard_created_at" : "2025-10-03T16:57:11.533115Z",
      "custom_dashboard_updated_at" : "2025-10-03T16:58:22.512382Z"
    },
    "relationships" : {
      "custom_dashboard_widgets" : {
        "data" : [ {
          "id" : "94967733-5699-424f-9dc7-01c37a6a367e",
          "type" : "widgets"
        }, {
          "id" : "348b30be-28ba-48d1-affb-e050070dbd89",
          "type" : "widgets"
        }, {
          "id" : "00602460-bd50-4f5e-96b5-354af9dd5160",
          "type" : "widgets"
        }, {
          "id" : "56e3b003-964f-44ea-9f9c-c40f1661231b",
          "type" : "widgets"
        }, {
          "id" : "8b2e4ce3-a53f-4262-bc57-4e6be8d000eb",
          "type" : "widgets"
        }, {
          "id" : "666c2d39-ce8b-4bf2-ad4e-3b46462e8b67",
          "type" : "widgets"
        }, {
          "id" : "294bc360-b6e3-4ec4-a9d1-63cd0e412e69",
          "type" : "widgets"
        }, {
          "id" : "698c9a00-9c8e-4653-ae1e-1e8475674303",
          "type" : "widgets"
        }, {
          "id" : "15c321c8-b791-40cf-bcaa-f255163d15ac",
          "type" : "widgets"
        }, {
          "id" : "57f953b5-6e91-493f-ae28-690457e99575",
          "type" : "widgets"
        }, {
          "id" : "fcefdfa6-16de-40ac-9438-7489a80ebf2b",
          "type" : "widgets"
        }, {
          "id" : "7bdfee16-4a0a-4a47-9f1e-8c079ccb34ba",
          "type" : "widgets"
        }, {
          "id" : "38e2c82a-9945-41f1-9936-b862454b9125",
          "type" : "widgets"
        }, {
          "id" : "58c40661-fb74-4dae-a287-b3ba26e8f944",
          "type" : "widgets"
        }, {
          "id" : "7246222f-776b-46cc-b815-047cf46adf18",
          "type" : "widgets"
        }, {
          "id" : "5b851fd0-195f-4ba3-a31f-9e88df6f5583",
          "type" : "widgets"
        }, {
          "id" : "8d42ab0f-05d8-41a6-b961-73821c3663ce",
          "type" : "widgets"
        }, {
          "id" : "8ade51fa-bff4-4082-8110-fbf9d08c2f0e",
          "type" : "widgets"
        }, {
          "id" : "6719fabf-931b-4094-8794-9e43a08719b2",
          "type" : "widgets"
        }, {
          "id" : "d4ccfb40-06a2-4863-b208-65cdfe1398e0",
          "type" : "widgets"
        }, {
          "id" : "299f71da-cb36-4545-ae28-32c92b9617f5",
          "type" : "widgets"
        } ]
      },
      "custom_dashboard_parameters" : {
        "data" : [ {
          "id" : "1fb7768d-e084-41f8-a38e-96caf500cfd3",
          "type" : "custom_dashboards_parameters"
        }, {
          "id" : "3f637485-c31c-4882-a5de-1afb0d49c25d",
          "type" : "custom_dashboards_parameters"
        }, {
          "id" : "5e693aa0-04ac-4efd-8496-c9a91c03bef9",
          "type" : "custom_dashboards_parameters"
        }, {
          "id" : "67cb9007-0a1a-4f81-8f16-61c3f21041ba",
          "type" : "custom_dashboards_parameters"
        }, {
          "id" : "ceaca1dd-b343-45e5-99b9-f2a52914c00e",
          "type" : "custom_dashboards_parameters"
        } ]
      }
    }
  },
  "included" : [ {
    "id" : "94967733-5699-424f-9dc7-01c37a6a367e",
    "type" : "widgets",
    "attributes" : {
      "widget_id" : "94967733-5699-424f-9dc7-01c37a6a367e",
      "widget_type" : "number",
      "widget_config" : {
        "start" : null,
        "end" : null,
        "series" : [ {
          "name" : "",
          "filter" : {
            "mode" : "and",
            "filters" : [ {
              "key" : "base_entity",
              "mode" : "or",
              "values" : [ "finding" ],
              "operator" : "eq"
            }, {
              "key" : "base_scenario_side",
              "mode" : "or",
              "values" : [ "c3471239-3d8c-4932-b537-a29c1dd04113" ],
              "operator" : "eq"
            }, {
              "key" : "finding_type",
              "mode" : "or",
              "values" : [ "Port", "PortsScan" ],
              "operator" : "eq"
            } ]
          }
        } ],
        "widget_configuration_type" : "flat",
        "title" : "Ports Open",
        "time_range" : "DEFAULT",
        "date_attribute" : "base_created_at"
      },
      "widget_layout" : {
        "widget_layout_w" : 2,
        "widget_layout_h" : 2,
        "widget_layout_x" : 10,
        "widget_layout_y" : 4
      },
      "widget_created_at" : "2025-10-03T16:57:11.541153Z",
      "widget_updated_at" : "2025-10-03T16:57:11.541153Z"
    }
  }, {
    "id" : "348b30be-28ba-48d1-affb-e050070dbd89",
    "type" : "widgets",
    "attributes" : {
      "widget_id" : "348b30be-28ba-48d1-affb-e050070dbd89",
      "widget_type" : "vertical-barchart",
      "widget_config" : {
        "start" : null,
        "end" : null,
        "series" : [ {
          "name" : "Not Detected",
          "filter" : {
            "mode" : "and",
            "filters" : [ {
              "key" : "base_entity",
              "mode" : "or",
              "values" : [ "expectation-inject" ],
              "operator" : "eq"
            }, {
              "key" : "inject_expectation_status",
              "mode" : "or",
              "values" : [ "FAILED" ],
              "operator" : "eq"
            }, {
              "key" : "inject_expectation_type",
              "mode" : "or",
              "values" : [ "DETECTION" ],
              "operator" : "eq"
            }, {
              "key" : "base_scenario_side",
              "mode" : "or",
              "values" : [ "c3471239-3d8c-4932-b537-a29c1dd04113" ],
              "operator" : "eq"
            } ]
          }
        }, {
          "name" : "Not Prevented",
          "filter" : {
            "mode" : "and",
            "filters" : [ {
              "key" : "base_entity",
              "mode" : "or",
              "values" : [ "expectation-inject" ],
              "operator" : "eq"
            }, {
              "key" : "inject_expectation_status",
              "mode" : "or",
              "values" : [ "FAILED" ],
              "operator" : "eq"
            }, {
              "key" : "inject_expectation_type",
              "mode" : "or",
              "values" : [ "PREVENTION" ],
              "operator" : "eq"
            }, {
              "key" : "base_scenario_side",
              "mode" : "or",
              "values" : [ "c3471239-3d8c-4932-b537-a29c1dd04113" ],
              "operator" : "eq"
            } ]
          }
        } ],
        "mode" : "temporal",
        "stacked" : false,
        "interval" : "week",
        "widget_configuration_type" : "temporal-histogram",
        "title" : "UNDETECTED/UNPREVENTED INJECTS BY WEEK",
        "time_range" : "DEFAULT",
        "date_attribute" : "base_created_at",
        "display_legend" : false
      },
      "widget_layout" : {
        "widget_layout_w" : 4,
        "widget_layout_h" : 6,
        "widget_layout_x" : 0,
        "widget_layout_y" : 17
      },
      "widget_created_at" : "2025-10-03T16:57:11.542241Z",
      "widget_updated_at" : "2025-10-03T16:57:11.542241Z"
    }
  }, {
    "id" : "00602460-bd50-4f5e-96b5-354af9dd5160",
    "type" : "widgets",
    "attributes" : {
      "widget_id" : "00602460-bd50-4f5e-96b5-354af9dd5160",
      "widget_type" : "list",
      "widget_config" : {
        "start" : null,
        "end" : null,
        "series" : [ ],
        "perspective" : {
          "name" : "",
          "filter" : {
            "mode" : "and",
            "filters" : [ {
              "key" : "base_entity",
              "mode" : "or",
              "values" : [ "vulnerable-endpoint" ],
              "operator" : "eq"
            }, {
              "key" : "base_scenario_side",
              "mode" : "or",
              "values" : [ "c3471239-3d8c-4932-b537-a29c1dd04113" ],
              "operator" : "eq"
            } ]
          }
        },
        "columns" : [ "vulnerable_endpoint_hostname", "base_created_at", "vulnerable_endpoint_agents_active_status", "vulnerable_endpoint_action", "vulnerable_endpoint_findings_summary" ],
        "sorts" : [ {
          "fieldName" : "base_created_at",
          "direction" : "DESC"
        } ],
        "limit" : 100,
        "widget_configuration_type" : "list",
        "title" : "Vulnerable endpoints",
        "time_range" : "DEFAULT",
        "date_attribute" : "base_created_at"
      },
      "widget_layout" : {
        "widget_layout_w" : 12,
        "widget_layout_h" : 5,
        "widget_layout_x" : 0,
        "widget_layout_y" : 12
      },
      "widget_created_at" : "2025-10-03T16:57:11.543836Z",
      "widget_updated_at" : "2025-10-03T16:57:11.543836Z"
    }
  }, {
    "id" : "56e3b003-964f-44ea-9f9c-c40f1661231b",
    "type" : "widgets",
    "attributes" : {
      "widget_id" : "56e3b003-964f-44ea-9f9c-c40f1661231b",
      "widget_type" : "donut",
      "widget_config" : {
        "start" : null,
        "end" : null,
        "series" : [ {
          "name" : "",
          "filter" : {
            "mode" : "and",
            "filters" : [ {
              "key" : "base_entity",
              "mode" : "or",
              "values" : [ "vulnerable-endpoint" ],
              "operator" : "eq"
            }, {
              "key" : "base_scenario_side",
              "mode" : "or",
              "values" : [ "c3471239-3d8c-4932-b537-a29c1dd04113" ],
              "operator" : "eq"
            } ]
          }
        } ],
        "mode" : "structural",
        "stacked" : false,
        "limit" : 100,
        "field" : "vulnerable_endpoint_action",
        "widget_configuration_type" : "structural-histogram",
        "title" : "Recommended action",
        "time_range" : "DEFAULT",
        "date_attribute" : "base_created_at",
        "display_legend" : false
      },
      "widget_layout" : {
        "widget_layout_w" : 2,
        "widget_layout_h" : 4,
        "widget_layout_x" : 6,
        "widget_layout_y" : 0
      },
      "widget_created_at" : "2025-10-03T16:57:11.545459Z",
      "widget_updated_at" : "2025-10-03T16:57:11.545459Z"
    }
  }, {
    "id" : "8b2e4ce3-a53f-4262-bc57-4e6be8d000eb",
    "type" : "widgets",
    "attributes" : {
      "widget_id" : "8b2e4ce3-a53f-4262-bc57-4e6be8d000eb",
      "widget_type" : "donut",
      "widget_config" : {
        "start" : null,
        "end" : null,
        "series" : [ {
          "name" : "",
          "filter" : {
            "mode" : "and",
            "filters" : [ {
              "key" : "base_entity",
              "mode" : "or",
              "values" : [ "expectation-inject" ],
              "operator" : "eq"
            }, {
              "key" : "inject_expectation_type",
              "mode" : "or",
              "values" : [ "VULNERABILITY" ],
              "operator" : "eq"
            }, {
              "key" : "base_scenario_side",
              "mode" : "or",
              "values" : [ "c3471239-3d8c-4932-b537-a29c1dd04113" ],
              "operator" : "eq"
            } ]
          }
        } ],
        "mode" : "structural",
        "stacked" : false,
        "limit" : 100,
        "field" : "inject_expectation_status",
        "widget_configuration_type" : "structural-histogram",
        "title" : "Vulnerability",
        "time_range" : "DEFAULT",
        "date_attribute" : "base_created_at",
        "display_legend" : false
      },
      "widget_layout" : {
        "widget_layout_w" : 2,
        "widget_layout_h" : 4,
        "widget_layout_x" : 4,
        "widget_layout_y" : 0
      },
      "widget_created_at" : "2025-10-03T16:57:11.547045Z",
      "widget_updated_at" : "2025-10-03T16:57:11.547045Z"
    }
  }, {
    "id" : "666c2d39-ce8b-4bf2-ad4e-3b46462e8b67",
    "type" : "widgets",
    "attributes" : {
      "widget_id" : "666c2d39-ce8b-4bf2-ad4e-3b46462e8b67",
      "widget_type" : "donut",
      "widget_config" : {
        "start" : null,
        "end" : null,
        "series" : [ {
          "name" : "",
          "filter" : {
            "mode" : "and",
            "filters" : [ {
              "key" : "base_entity",
              "mode" : "or",
              "values" : [ "expectation-inject" ],
              "operator" : "eq"
            }, {
              "key" : "inject_expectation_type",
              "mode" : "or",
              "values" : [ "PREVENTION" ],
              "operator" : "eq"
            }, {
              "key" : "base_scenario_side",
              "mode" : "or",
              "values" : [ "c3471239-3d8c-4932-b537-a29c1dd04113" ],
              "operator" : "eq"
            } ]
          }
        } ],
        "mode" : "structural",
        "stacked" : false,
        "limit" : 100,
        "field" : "inject_expectation_status",
        "widget_configuration_type" : "structural-histogram",
        "title" : "Prevention",
        "time_range" : "DEFAULT",
        "date_attribute" : "base_created_at",
        "display_legend" : false
      },
      "widget_layout" : {
        "widget_layout_w" : 2,
        "widget_layout_h" : 4,
        "widget_layout_x" : 2,
        "widget_layout_y" : 0
      },
      "widget_created_at" : "2025-10-03T16:57:11.548110Z",
      "widget_updated_at" : "2025-10-03T16:57:11.548110Z"
    }
  }, {
    "id" : "294bc360-b6e3-4ec4-a9d1-63cd0e412e69",
    "type" : "widgets",
    "attributes" : {
      "widget_id" : "294bc360-b6e3-4ec4-a9d1-63cd0e412e69",
      "widget_type" : "donut",
      "widget_config" : {
        "start" : null,
        "end" : null,
        "series" : [ {
          "name" : "",
          "filter" : {
            "mode" : "and",
            "filters" : [ {
              "key" : "base_entity",
              "mode" : "or",
              "values" : [ "expectation-inject" ],
              "operator" : "eq"
            }, {
              "key" : "inject_expectation_type",
              "mode" : "or",
              "values" : [ "DETECTION" ],
              "operator" : "eq"
            }, {
              "key" : "base_scenario_side",
              "mode" : "or",
              "values" : [ "c3471239-3d8c-4932-b537-a29c1dd04113" ],
              "operator" : "eq"
            } ]
          }
        } ],
        "mode" : "structural",
        "stacked" : false,
        "limit" : 100,
        "field" : "inject_expectation_status",
        "widget_configuration_type" : "structural-histogram",
        "title" : "Detection",
        "time_range" : "DEFAULT",
        "date_attribute" : "base_created_at",
        "display_legend" : false
      },
      "widget_layout" : {
        "widget_layout_w" : 2,
        "widget_layout_h" : 4,
        "widget_layout_x" : 0,
        "widget_layout_y" : 0
      },
      "widget_created_at" : "2025-10-03T16:57:11.549715Z",
      "widget_updated_at" : "2025-10-03T16:57:11.549715Z"
    }
  }, {
    "id" : "698c9a00-9c8e-4653-ae1e-1e8475674303",
    "type" : "widgets",
    "attributes" : {
      "widget_id" : "698c9a00-9c8e-4653-ae1e-1e8475674303",
      "widget_type" : "number",
      "widget_config" : {
        "start" : null,
        "end" : null,
        "series" : [ {
          "name" : "",
          "filter" : {
            "mode" : "and",
            "filters" : [ {
              "key" : "base_entity",
              "mode" : "or",
              "values" : [ "simulation" ],
              "operator" : "eq"
            }, {
              "key" : "base_scenario_side",
              "mode" : "or",
              "values" : [ "c3471239-3d8c-4932-b537-a29c1dd04113" ],
              "operator" : "eq"
            } ]
          }
        } ],
        "widget_configuration_type" : "flat",
        "title" : "Simulation",
        "time_range" : "DEFAULT",
        "date_attribute" : "base_created_at"
      },
      "widget_layout" : {
        "widget_layout_w" : 2,
        "widget_layout_h" : 2,
        "widget_layout_x" : 8,
        "widget_layout_y" : 0
      },
      "widget_created_at" : "2025-10-03T16:57:11.551331Z",
      "widget_updated_at" : "2025-10-03T16:57:11.551331Z"
    }
  }, {
    "id" : "15c321c8-b791-40cf-bcaa-f255163d15ac",
    "type" : "widgets",
    "attributes" : {
      "widget_id" : "15c321c8-b791-40cf-bcaa-f255163d15ac",
      "widget_type" : "number",
      "widget_config" : {
        "start" : null,
        "end" : null,
        "series" : [ {
          "name" : "CVEsfound",
          "filter" : {
            "mode" : "and",
            "filters" : [ {
              "key" : "base_entity",
              "mode" : "or",
              "values" : [ "finding" ],
              "operator" : "eq"
            }, {
              "key" : "finding_type",
              "mode" : "or",
              "values" : [ "CVE" ],
              "operator" : "eq"
            }, {
              "key" : "base_scenario_side",
              "mode" : "or",
              "values" : [ "c3471239-3d8c-4932-b537-a29c1dd04113" ],
              "operator" : "eq"
            } ]
          }
        } ],
        "widget_configuration_type" : "flat",
        "title" : "CVEs Found",
        "time_range" : "DEFAULT",
        "date_attribute" : "base_created_at"
      },
      "widget_layout" : {
        "widget_layout_w" : 1,
        "widget_layout_h" : 2,
        "widget_layout_x" : 11,
        "widget_layout_y" : 2
      },
      "widget_created_at" : "2025-10-03T16:57:11.552947Z",
      "widget_updated_at" : "2025-10-03T16:57:11.552947Z"
    }
  }, {
    "id" : "57f953b5-6e91-493f-ae28-690457e99575",
    "type" : "widgets",
    "attributes" : {
      "widget_id" : "57f953b5-6e91-493f-ae28-690457e99575",
      "widget_type" : "number",
      "widget_config" : {
        "start" : null,
        "end" : null,
        "series" : [ {
          "name" : "",
          "filter" : {
            "mode" : "and",
            "filters" : [ {
              "key" : "base_entity",
              "mode" : "or",
              "values" : [ "inject" ],
              "operator" : "eq"
            }, {
              "key" : "base_scenario_side",
              "mode" : "or",
              "values" : [ "c3471239-3d8c-4932-b537-a29c1dd04113" ],
              "operator" : "eq"
            } ]
          }
        } ],
        "widget_configuration_type" : "flat",
        "title" : "Inject",
        "time_range" : "DEFAULT",
        "date_attribute" : "base_created_at"
      },
      "widget_layout" : {
        "widget_layout_w" : 2,
        "widget_layout_h" : 2,
        "widget_layout_x" : 8,
        "widget_layout_y" : 2
      },
      "widget_created_at" : "2025-10-03T16:57:11.554514Z",
      "widget_updated_at" : "2025-10-03T16:57:11.554514Z"
    }
  }, {
    "id" : "fcefdfa6-16de-40ac-9438-7489a80ebf2b",
    "type" : "widgets",
    "attributes" : {
      "widget_id" : "fcefdfa6-16de-40ac-9438-7489a80ebf2b",
      "widget_type" : "number",
      "widget_config" : {
        "start" : null,
        "end" : null,
        "series" : [ {
          "name" : "",
          "filter" : {
            "mode" : "and",
            "filters" : [ {
              "key" : "base_entity",
              "mode" : "or",
              "values" : [ "vulnerable-endpoint" ],
              "operator" : "eq"
            }, {
              "key" : "base_scenario_side",
              "mode" : "or",
              "values" : [ "c3471239-3d8c-4932-b537-a29c1dd04113" ],
              "operator" : "eq"
            } ]
          }
        } ],
        "widget_configuration_type" : "flat",
        "title" : "Vulnerable endpoints number",
        "time_range" : "DEFAULT",
        "date_attribute" : "base_created_at"
      },
      "widget_layout" : {
        "widget_layout_w" : 2,
        "widget_layout_h" : 2,
        "widget_layout_x" : 10,
        "widget_layout_y" : 0
      },
      "widget_created_at" : "2025-10-03T16:57:11.556706Z",
      "widget_updated_at" : "2025-10-03T16:57:11.556706Z"
    }
  }, {
    "id" : "7bdfee16-4a0a-4a47-9f1e-8c079ccb34ba",
    "type" : "widgets",
    "attributes" : {
      "widget_id" : "7bdfee16-4a0a-4a47-9f1e-8c079ccb34ba",
      "widget_type" : "number",
      "widget_config" : {
        "start" : null,
        "end" : null,
        "series" : [ {
          "name" : "endpoints",
          "filter" : {
            "mode" : "and",
            "filters" : [ {
              "key" : "base_entity",
              "mode" : "or",
              "values" : [ "endpoint" ],
              "operator" : "eq"
            }, {
              "key" : "base_scenario_side",
              "mode" : "or",
              "values" : [ "c3471239-3d8c-4932-b537-a29c1dd04113" ],
              "operator" : "contains"
            } ]
          }
        } ],
        "widget_configuration_type" : "flat",
        "title" : "endpoints",
        "time_range" : "DEFAULT",
        "date_attribute" : "base_created_at"
      },
      "widget_layout" : {
        "widget_layout_w" : 1,
        "widget_layout_h" : 2,
        "widget_layout_x" : 10,
        "widget_layout_y" : 2
      },
      "widget_created_at" : "2025-10-03T16:57:11.557784Z",
      "widget_updated_at" : "2025-10-03T16:57:11.557784Z"
    }
  }, {
    "id" : "38e2c82a-9945-41f1-9936-b862454b9125",
    "type" : "widgets",
    "attributes" : {
      "widget_id" : "38e2c82a-9945-41f1-9936-b862454b9125",
      "widget_type" : "line",
      "widget_config" : {
        "start" : null,
        "end" : null,
        "series" : [ {
          "name" : "",
          "filter" : {
            "mode" : "and",
            "filters" : [ {
              "key" : "base_entity",
              "mode" : "or",
              "values" : [ "simulation" ],
              "operator" : "eq"
            }, {
              "key" : "base_scenario_side",
              "mode" : "or",
              "values" : [ "c3471239-3d8c-4932-b537-a29c1dd04113" ],
              "operator" : "eq"
            } ]
          }
        } ],
        "mode" : "temporal",
        "stacked" : false,
        "interval" : "week",
        "widget_configuration_type" : "temporal-histogram",
        "title" : "Simulation by week",
        "time_range" : "DEFAULT",
        "date_attribute" : "base_created_at",
        "display_legend" : false
      },
      "widget_layout" : {
        "widget_layout_w" : 7,
        "widget_layout_h" : 8,
        "widget_layout_x" : 0,
        "widget_layout_y" : 39
      },
      "widget_created_at" : "2025-10-03T16:57:11.558852Z",
      "widget_updated_at" : "2025-10-03T16:57:11.558852Z"
    }
  }, {
    "id" : "58c40661-fb74-4dae-a287-b3ba26e8f944",
    "type" : "widgets",
    "attributes" : {
      "widget_id" : "58c40661-fb74-4dae-a287-b3ba26e8f944",
      "widget_type" : "number",
      "widget_config" : {
        "start" : null,
        "end" : null,
        "series" : [ {
          "name" : "",
          "filter" : {
            "mode" : "and",
            "filters" : [ {
              "key" : "base_entity",
              "mode" : "or",
              "values" : [ "finding" ],
              "operator" : "eq"
            }, {
              "key" : "base_scenario_side",
              "mode" : "or",
              "values" : [ "c3471239-3d8c-4932-b537-a29c1dd04113" ],
              "operator" : "eq"
            } ]
          }
        } ],
        "widget_configuration_type" : "flat",
        "title" : "Total number of findings",
        "time_range" : "DEFAULT",
        "date_attribute" : "base_created_at"
      },
      "widget_layout" : {
        "widget_layout_w" : 2,
        "widget_layout_h" : 2,
        "widget_layout_x" : 8,
        "widget_layout_y" : 4
      },
      "widget_created_at" : "2025-10-03T16:57:11.560460Z",
      "widget_updated_at" : "2025-10-03T16:57:11.560460Z"
    }
  }, {
    "id" : "7246222f-776b-46cc-b815-047cf46adf18",
    "type" : "widgets",
    "attributes" : {
      "widget_id" : "7246222f-776b-46cc-b815-047cf46adf18",
      "widget_type" : "list",
      "widget_config" : {
        "start" : null,
        "end" : null,
        "series" : [ ],
        "perspective" : {
          "name" : "",
          "filter" : {
            "mode" : "and",
            "filters" : [ {
              "key" : "base_entity",
              "mode" : "or",
              "values" : [ "simulation" ],
              "operator" : "eq"
            }, {
              "key" : "base_scenario_side",
              "mode" : "or",
              "values" : [ "c3471239-3d8c-4932-b537-a29c1dd04113" ],
              "operator" : "eq"
            } ]
          }
        },
        "columns" : [ "name", "base_tags_side", "status", "base_created_at" ],
        "sorts" : [ {
          "fieldName" : "base_created_at",
          "direction" : "DESC"
        } ],
        "limit" : 10,
        "widget_configuration_type" : "list",
        "title" : "Latest simulations",
        "time_range" : "DEFAULT",
        "date_attribute" : "base_created_at"
      },
      "widget_layout" : {
        "widget_layout_w" : 5,
        "widget_layout_h" : 8,
        "widget_layout_x" : 7,
        "widget_layout_y" : 39
      },
      "widget_created_at" : "2025-10-03T16:57:11.561540Z",
      "widget_updated_at" : "2025-10-03T16:57:11.561540Z"
    }
  }, {
    "id" : "5b851fd0-195f-4ba3-a31f-9e88df6f5583",
    "type" : "widgets",
    "attributes" : {
      "widget_id" : "5b851fd0-195f-4ba3-a31f-9e88df6f5583",
      "widget_type" : "list",
      "widget_config" : {
        "start" : null,
        "end" : null,
        "series" : [ ],
        "perspective" : {
          "name" : "",
          "filter" : {
            "mode" : "and",
            "filters" : [ {
              "key" : "base_entity",
              "mode" : "or",
              "values" : [ "finding" ],
              "operator" : "eq"
            }, {
              "key" : "base_scenario_side",
              "mode" : "or",
              "values" : [ "c3471239-3d8c-4932-b537-a29c1dd04113" ],
              "operator" : "eq"
            } ]
          }
        },
        "columns" : [ "finding_value", "base_created_at", "finding_type" ],
        "sorts" : [ {
          "fieldName" : "base_created_at",
          "direction" : "DESC"
        } ],
        "limit" : 100,
        "widget_configuration_type" : "list",
        "title" : "findings",
        "time_range" : "DEFAULT",
        "date_attribute" : "base_created_at"
      },
      "widget_layout" : {
        "widget_layout_w" : 8,
        "widget_layout_h" : 8,
        "widget_layout_x" : 0,
        "widget_layout_y" : 4
      },
      "widget_created_at" : "2025-10-03T16:57:11.562596Z",
      "widget_updated_at" : "2025-10-03T16:57:11.562596Z"
    }
  }, {
    "id" : "8d42ab0f-05d8-41a6-b961-73821c3663ce",
    "type" : "widgets",
    "attributes" : {
      "widget_id" : "8d42ab0f-05d8-41a6-b961-73821c3663ce",
      "widget_type" : "horizontal-barchart",
      "widget_config" : {
        "start" : null,
        "end" : null,
        "series" : [ {
          "name" : "",
          "filter" : {
            "mode" : "and",
            "filters" : [ {
              "key" : "base_entity",
              "mode" : "or",
              "values" : [ "finding" ],
              "operator" : "eq"
            }, {
              "key" : "base_scenario_side",
              "mode" : "or",
              "values" : [ "c3471239-3d8c-4932-b537-a29c1dd04113" ],
              "operator" : "eq"
            } ]
          }
        } ],
        "mode" : "structural",
        "stacked" : false,
        "limit" : 100,
        "field" : "finding_type",
        "widget_configuration_type" : "structural-histogram",
        "title" : "Latest findings",
        "time_range" : "DEFAULT",
        "date_attribute" : "base_created_at",
        "display_legend" : false
      },
      "widget_layout" : {
        "widget_layout_w" : 4,
        "widget_layout_h" : 6,
        "widget_layout_x" : 8,
        "widget_layout_y" : 6
      },
      "widget_created_at" : "2025-10-03T16:57:11.564184Z",
      "widget_updated_at" : "2025-10-03T16:57:11.564184Z"
    }
  }, {
    "id" : "8ade51fa-bff4-4082-8110-fbf9d08c2f0e",
    "type" : "widgets",
    "attributes" : {
      "widget_id" : "8ade51fa-bff4-4082-8110-fbf9d08c2f0e",
      "widget_type" : "horizontal-barchart",
      "widget_config" : {
        "start" : null,
        "end" : null,
        "series" : [ {
          "name" : "Undetected TTPs",
          "filter" : {
            "mode" : "and",
            "filters" : [ {
              "key" : "base_entity",
              "mode" : "or",
              "values" : [ "expectation-inject" ],
              "operator" : "eq"
            }, {
              "key" : "inject_expectation_type",
              "mode" : "or",
              "values" : [ "DETECTION" ],
              "operator" : "eq"
            }, {
              "key" : "inject_expectation_status",
              "mode" : "or",
              "values" : [ "FAILED" ],
              "operator" : "eq"
            }, {
              "key" : "base_scenario_side",
              "mode" : "or",
              "values" : [ "c3471239-3d8c-4932-b537-a29c1dd04113" ],
              "operator" : "eq"
            } ]
          }
        }, {
          "name" : "UnpreventedTTPs",
          "filter" : {
            "mode" : "and",
            "filters" : [ {
              "key" : "base_entity",
              "mode" : "or",
              "values" : [ "expectation-inject" ],
              "operator" : "eq"
            }, {
              "key" : "inject_expectation_type",
              "mode" : "or",
              "values" : [ "PREVENTION" ],
              "operator" : "eq"
            }, {
              "key" : "inject_expectation_status",
              "mode" : "or",
              "values" : [ "FAILED" ],
              "operator" : "eq"
            }, {
              "key" : "base_scenario_side",
              "mode" : "or",
              "values" : [ "c3471239-3d8c-4932-b537-a29c1dd04113" ],
              "operator" : "eq"
            } ]
          }
        } ],
        "mode" : "structural",
        "stacked" : false,
        "limit" : 10,
        "field" : "base_attack_patterns_side",
        "widget_configuration_type" : "structural-histogram",
        "title" : "MOST UNDETECTED &UNPREVENTED TTPS",
        "time_range" : "DEFAULT",
        "date_attribute" : "base_created_at",
        "display_legend" : false
      },
      "widget_layout" : {
        "widget_layout_w" : 4,
        "widget_layout_h" : 6,
        "widget_layout_x" : 8,
        "widget_layout_y" : 17
      },
      "widget_created_at" : "2025-10-03T16:57:11.565270Z",
      "widget_updated_at" : "2025-10-03T16:57:11.565270Z"
    }
  }, {
    "id" : "6719fabf-931b-4094-8794-9e43a08719b2",
    "type" : "widgets",
    "attributes" : {
      "widget_id" : "6719fabf-931b-4094-8794-9e43a08719b2",
      "widget_type" : "security-coverage",
      "widget_config" : {
        "start" : null,
        "end" : null,
        "series" : [ {
          "name" : "SUCCESS",
          "filter" : {
            "mode" : "and",
            "filters" : [ {
              "key" : "base_entity",
              "mode" : "and",
              "values" : [ "expectation-inject" ],
              "operator" : "eq"
            }, {
              "key" : "inject_expectation_status",
              "mode" : "and",
              "values" : [ "SUCCESS" ],
              "operator" : "eq"
            }, {
              "key" : "inject_expectation_type",
              "mode" : "and",
              "values" : [ "DETECTION" ],
              "operator" : "eq"
            }, {
              "key" : "base_simulation_side",
              "mode" : "and",
              "values" : [ "d5c42246-b539-4932-b54d-90d036d40224" ],
              "operator" : "eq"
            } ]
          }
        }, {
          "name" : "FAILED",
          "filter" : {
            "mode" : "and",
            "filters" : [ {
              "key" : "base_entity",
              "mode" : "and",
              "values" : [ "expectation-inject" ],
              "operator" : "eq"
            }, {
              "key" : "inject_expectation_status",
              "mode" : "and",
              "values" : [ "FAILED" ],
              "operator" : "eq"
            }, {
              "key" : "inject_expectation_type",
              "mode" : "and",
              "values" : [ "DETECTION" ],
              "operator" : "eq"
            }, {
              "key" : "base_simulation_side",
              "mode" : "and",
              "values" : [ "d5c42246-b539-4932-b54d-90d036d40224" ],
              "operator" : "eq"
            } ]
          }
        } ],
        "mode" : "structural",
        "stacked" : false,
        "limit" : 100,
        "field" : "base_attack_patterns_side",
        "widget_configuration_type" : "structural-histogram",
        "title" : "LAST DETECTION COVERAGE",
        "time_range" : "DEFAULT",
        "date_attribute" : "base_updated_at",
        "display_legend" : false
      },
      "widget_layout" : {
        "widget_layout_w" : 12,
        "widget_layout_h" : 10,
        "widget_layout_x" : 0,
        "widget_layout_y" : 23
      },
      "widget_created_at" : "2025-10-03T16:57:11.566356Z",
      "widget_updated_at" : "2025-10-03T16:57:11.566356Z"
    }
  }, {
    "id" : "d4ccfb40-06a2-4863-b208-65cdfe1398e0",
    "type" : "widgets",
    "attributes" : {
      "widget_id" : "d4ccfb40-06a2-4863-b208-65cdfe1398e0",
      "widget_type" : "horizontal-barchart",
      "widget_config" : {
        "start" : null,
        "end" : null,
        "series" : [ {
          "name" : "Detected TTPs",
          "filter" : {
            "mode" : "and",
            "filters" : [ {
              "key" : "base_entity",
              "mode" : "or",
              "values" : [ "expectation-inject" ],
              "operator" : "eq"
            }, {
              "key" : "inject_expectation_status",
              "mode" : "or",
              "values" : [ "SUCCESS" ],
              "operator" : "eq"
            }, {
              "key" : "inject_expectation_type",
              "mode" : "or",
              "values" : [ "DETECTION" ],
              "operator" : "eq"
            }, {
              "key" : "base_scenario_side",
              "mode" : "or",
              "values" : [ "c3471239-3d8c-4932-b537-a29c1dd04113" ],
              "operator" : "eq"
            } ]
          }
        }, {
          "name" : "Prevented TTPs",
          "filter" : {
            "mode" : "and",
            "filters" : [ {
              "key" : "base_entity",
              "mode" : "or",
              "values" : [ "expectation-inject" ],
              "operator" : "eq"
            }, {
              "key" : "inject_expectation_type",
              "mode" : "or",
              "values" : [ "PREVENTION" ],
              "operator" : "eq"
            }, {
              "key" : "inject_expectation_status",
              "mode" : "or",
              "values" : [ "SUCCESS" ],
              "operator" : "eq"
            }, {
              "key" : "base_scenario_side",
              "mode" : "or",
              "values" : [ "c3471239-3d8c-4932-b537-a29c1dd04113" ],
              "operator" : "eq"
            } ]
          }
        } ],
        "mode" : "structural",
        "stacked" : false,
        "limit" : 10,
        "field" : "base_attack_patterns_side",
        "widget_configuration_type" : "structural-histogram",
        "title" : "Most Detected & Prevented TTPs",
        "time_range" : "DEFAULT",
        "date_attribute" : "base_created_at",
        "display_legend" : false
      },
      "widget_layout" : {
        "widget_layout_w" : 4,
        "widget_layout_h" : 6,
        "widget_layout_x" : 4,
        "widget_layout_y" : 17
      },
      "widget_created_at" : "2025-10-03T16:57:11.568042Z",
      "widget_updated_at" : "2025-10-03T16:57:11.568042Z"
    }
  }, {
    "id" : "299f71da-cb36-4545-ae28-32c92b9617f5",
    "type" : "widgets",
    "attributes" : {
      "widget_id" : "299f71da-cb36-4545-ae28-32c92b9617f5",
      "widget_type" : "vertical-barchart",
      "widget_config" : {
        "start" : null,
        "end" : null,
        "series" : [ {
          "name" : "Not Detected",
          "filter" : {
            "mode" : "and",
            "filters" : [ {
              "key" : "base_entity",
              "mode" : "or",
              "values" : [ "expectation-inject" ],
              "operator" : "eq"
            }, {
              "key" : "inject_expectation_status",
              "mode" : "or",
              "values" : [ "FAILED" ],
              "operator" : "eq"
            }, {
              "key" : "base_scenario_side",
              "mode" : "or",
              "values" : [ "c3471239-3d8c-4932-b537-a29c1dd04113" ],
              "operator" : "eq"
            }, {
              "key" : "inject_expectation_type",
              "mode" : "or",
              "values" : [ "DETECTION" ],
              "operator" : "eq"
            } ]
          }
        }, {
          "name" : "Not Prevented",
          "filter" : {
            "mode" : "and",
            "filters" : [ {
              "key" : "base_entity",
              "mode" : "or",
              "values" : [ "expectation-inject" ],
              "operator" : "eq"
            }, {
              "key" : "inject_expectation_type",
              "mode" : "or",
              "values" : [ "PREVENTION" ],
              "operator" : "eq"
            }, {
              "key" : "base_scenario_side",
              "mode" : "or",
              "values" : [ "c3471239-3d8c-4932-b537-a29c1dd04113" ],
              "operator" : "eq"
            }, {
              "key" : "inject_expectation_status",
              "mode" : "or",
              "values" : [ "FAILED" ],
              "operator" : "eq"
            } ]
          }
        } ],
        "mode" : "structural",
        "stacked" : false,
        "limit" : 100,
        "field" : "base_security_platforms_side",
        "widget_configuration_type" : "structural-histogram",
        "title" : "Inject undetected & unprevented by security platform",
        "time_range" : "DEFAULT",
        "date_attribute" : "base_created_at",
        "display_legend" : false
      },
      "widget_layout" : {
        "widget_layout_w" : 12,
        "widget_layout_h" : 6,
        "widget_layout_x" : 0,
        "widget_layout_y" : 33
      },
      "widget_created_at" : "2025-10-03T16:57:11.569088Z",
      "widget_updated_at" : "2025-10-03T16:57:11.569088Z"
    }
  }, {
    "id" : "1fb7768d-e084-41f8-a38e-96caf500cfd3",
    "type" : "custom_dashboards_parameters",
    "attributes" : {
      "custom_dashboards_parameter_id" : "1fb7768d-e084-41f8-a38e-96caf500cfd3",
      "custom_dashboards_parameter_name" : "simulation",
      "custom_dashboards_parameter_type" : "simulation"
    }
  }, {
    "id" : "3f637485-c31c-4882-a5de-1afb0d49c25d",
    "type" : "custom_dashboards_parameters",
    "attributes" : {
      "custom_dashboards_parameter_id" : "3f637485-c31c-4882-a5de-1afb0d49c25d",
      "custom_dashboards_parameter_name" : "Time range",
      "custom_dashboards_parameter_type" : "timeRange"
    }
  }, {
    "id" : "5e693aa0-04ac-4efd-8496-c9a91c03bef9",
    "type" : "custom_dashboards_parameters",
    "attributes" : {
      "custom_dashboards_parameter_id" : "5e693aa0-04ac-4efd-8496-c9a91c03bef9",
      "custom_dashboards_parameter_name" : "End date",
      "custom_dashboards_parameter_type" : "endDate"
    }
  }, {
    "id" : "67cb9007-0a1a-4f81-8f16-61c3f21041ba",
    "type" : "custom_dashboards_parameters",
    "attributes" : {
      "custom_dashboards_parameter_id" : "67cb9007-0a1a-4f81-8f16-61c3f21041ba",
      "custom_dashboards_parameter_name" : "Start date",
      "custom_dashboards_parameter_type" : "startDate"
    }
  }, {
    "id" : "ceaca1dd-b343-45e5-99b9-f2a52914c00e",
    "type" : "custom_dashboards_parameters",
    "attributes" : {
      "custom_dashboards_parameter_id" : "ceaca1dd-b343-45e5-99b9-f2a52914c00e",
      "custom_dashboards_parameter_name" : "Scenario",
      "custom_dashboards_parameter_type" : "scenario"
    }
  } ]
}