{
  "data" : {
    "id" : "56b9fbee-b4e1-403b-9ae8-db191c368fad",
    "type" : "custom_dashboards",
    "attributes" : {
      "custom_dashboard_id" : "56b9fbee-b4e1-403b-9ae8-db191c368fad",
      "custom_dashboard_name" : "Technical home",
      "custom_dashboard_description" : "",
      "custom_dashboard_created_at" : "2025-10-03T16:57:11.489732Z",
      "custom_dashboard_updated_at" : "2025-10-03T16:58:16.832234Z"
    },
    "relationships" : {
      "custom_dashboard_widgets" : {
        "data" : [ {
          "id" : "90440487-0d5b-49b1-9034-fdfb241ceb02",
          "type" : "widgets"
        }, {
          "id" : "fabc796e-8661-47ca-b7d4-c945d1e824e0",
          "type" : "widgets"
        }, {
          "id" : "d84d17bc-6d02-4b84-9458-4a60ac7c9592",
          "type" : "widgets"
        }, {
          "id" : "a179f221-bfb9-4839-b34e-02cd41eaa067",
          "type" : "widgets"
        }, {
          "id" : "fd97ff72-09fa-45e3-bbbf-ad57d2a9f365",
          "type" : "widgets"
        }, {
          "id" : "7129ae5f-7737-4a48-acd1-2f0b3a714c74",
          "type" : "widgets"
        }, {
          "id" : "7cb3001b-c8e4-4889-bf25-eb037eaa8510",
          "type" : "widgets"
        }, {
          "id" : "d7c7421d-1c5e-468b-ab0e-5176c2aa73a6",
          "type" : "widgets"
        }, {
          "id" : "5b48dbd8-bb44-414b-aed2-e54dc517cdaa",
          "type" : "widgets"
        }, {
          "id" : "fa3231bf-140f-41f9-86d4-220f761906e6",
          "type" : "widgets"
        }, {
          "id" : "7cea2875-6a94-4075-93b3-1555e6786837",
          "type" : "widgets"
        }, {
          "id" : "16dea81a-4f03-4101-91b8-75c07a09c06e",
          "type" : "widgets"
        }, {
          "id" : "2d0322de-d7f8-4d8e-8b7a-1d6151c2348d",
          "type" : "widgets"
        }, {
          "id" : "568fdd5d-d20b-40ca-bef0-cdfda1022eef",
          "type" : "widgets"
        }, {
          "id" : "5c3d7d38-931d-4121-9f94-fc4eaf60952d",
          "type" : "widgets"
        }, {
          "id" : "c0070533-28d0-414d-8e38-fbab21de951b",
          "type" : "widgets"
        }, {
          "id" : "7dc69dd1-748b-4077-a95c-e2fe924d85aa",
          "type" : "widgets"
        }, {
          "id" : "7e3fe005-52b7-470b-98e3-7383da785609",
          "type" : "widgets"
        }, {
          "id" : "68f04597-0aec-4ac9-8fe6-1b87a572cade",
          "type" : "widgets"
        }, {
          "id" : "de8eadbd-ecf9-40f2-9213-d7bfc01b003e",
          "type" : "widgets"
        }, {
          "id" : "1a1aaee7-e831-494f-830d-e0cb91098d6a",
          "type" : "widgets"
        }, {
          "id" : "4d0648aa-c5de-4226-8c61-8e0301bd4e53",
          "type" : "widgets"
        } ]
      },
      "custom_dashboard_parameters" : {
        "data" : [ {
          "id" : "62db6d3b-009a-439a-a75a-7bcd5f4fdfea",
          "type" : "custom_dashboards_parameters"
        }, {
          "id" : "6a60ce77-686f-429f-9b13-13bccb1f9bc2",
          "type" : "custom_dashboards_parameters"
        }, {
          "id" : "de539bc5-f4a0-4945-8c2f-9d9ca18b846e",
          "type" : "custom_dashboards_parameters"
        } ]
      }
    }
  },
  "included" : [ {
    "id" : "90440487-0d5b-49b1-9034-fdfb241ceb02",
    "type" : "widgets",
    "attributes" : {
      "widget_id" : "90440487-0d5b-49b1-9034-fdfb241ceb02",
      "widget_type" : "list",
      "widget_config" : {
        "start" : null,
        "end" : null,
        "series" : [ ],
        "perspective" : {
          "name" : "",
          "filter" : {
            "mode" : "and",
            "filters" : [ {
              "key" : "base_entity",
              "mode" : "or",
              "values" : [ "finding" ],
              "operator" : "eq"
            } ]
          }
        },
        "columns" : [ "finding_value", "base_created_at", "finding_type" ],
        "sorts" : [ {
          "fieldName" : "base_created_at",
          "direction" : "DESC"
        } ],
        "limit" : 100,
        "widget_configuration_type" : "list",
        "title" : "Findings",
        "time_range" : "DEFAULT",
        "date_attribute" : "base_created_at"
      },
      "widget_layout" : {
        "widget_layout_w" : 8,
        "widget_layout_h" : 10,
        "widget_layout_x" : 0,
        "widget_layout_y" : 4
      },
      "widget_created_at" : "2025-10-03T16:57:11.494543Z",
      "widget_updated_at" : "2025-10-03T16:57:11.494543Z"
    }
  }, {
    "id" : "fabc796e-8661-47ca-b7d4-c945d1e824e0",
    "type" : "widgets",
    "attributes" : {
      "widget_id" : "fabc796e-8661-47ca-b7d4-c945d1e824e0",
      "widget_type" : "donut",
      "widget_config" : {
        "start" : null,
        "end" : null,
        "series" : [ {
          "name" : "",
          "filter" : {
            "mode" : "and",
            "filters" : [ {
              "key" : "base_entity",
              "mode" : "or",
              "values" : [ "expectation-inject" ],
              "operator" : "eq"
            }, {
              "key" : "inject_expectation_type",
              "mode" : "or",
              "values" : [ "VULNERABILITY" ],
              "operator" : "eq"
            } ]
          }
        } ],
        "mode" : "structural",
        "stacked" : false,
        "limit" : 100,
        "field" : "inject_expectation_status",
        "widget_configuration_type" : "structural-histogram",
        "title" : "Vulnerability",
        "time_range" : "DEFAULT",
        "date_attribute" : "base_created_at",
        "display_legend" : false
      },
      "widget_layout" : {
        "widget_layout_w" : 2,
        "widget_layout_h" : 4,
        "widget_layout_x" : 4,
        "widget_layout_y" : 0
      },
      "widget_created_at" : "2025-10-03T16:57:11.495706Z",
      "widget_updated_at" : "2025-10-03T16:57:11.495706Z"
    }
  }, {
    "id" : "d84d17bc-6d02-4b84-9458-4a60ac7c9592",
    "type" : "widgets",
    "attributes" : {
      "widget_id" : "d84d17bc-6d02-4b84-9458-4a60ac7c9592",
      "widget_type" : "number",
      "widget_config" : {
        "start" : null,
        "end" : null,
        "series" : [ {
          "name" : "endpoints",
          "filter" : {
            "mode" : "and",
            "filters" : [ {
              "key" : "base_entity",
              "mode" : "or",
              "values" : [ "endpoint" ],
              "operator" : "eq"
            } ]
          }
        } ],
        "widget_configuration_type" : "flat",
        "title" : "endpoints",
        "time_range" : "DEFAULT",
        "date_attribute" : "base_created_at"
      },
      "widget_layout" : {
        "widget_layout_w" : 2,
        "widget_layout_h" : 2,
        "widget_layout_x" : 8,
        "widget_layout_y" : 4
      },
      "widget_created_at" : "2025-10-03T16:57:11.511886Z",
      "widget_updated_at" : "2025-10-03T16:57:11.511886Z"
    }
  }, {
    "id" : "a179f221-bfb9-4839-b34e-02cd41eaa067",
    "type" : "widgets",
    "attributes" : {
      "widget_id" : "a179f221-bfb9-4839-b34e-02cd41eaa067",
      "widget_type" : "number",
      "widget_config" : {
        "start" : null,
        "end" : null,
        "series" : [ {
          "name" : "",
          "filter" : {
            "mode" : "and",
            "filters" : [ {
              "key" : "base_entity",
              "mode" : "or",
              "values" : [ "simulation" ],
              "operator" : "eq"
            } ]
          }
        } ],
        "widget_configuration_type" : "flat",
        "title" : "Simulation",
        "time_range" : "DEFAULT",
        "date_attribute" : "base_created_at"
      },
      "widget_layout" : {
        "widget_layout_w" : 2,
        "widget_layout_h" : 2,
        "widget_layout_x" : 10,
        "widget_layout_y" : 0
      },
      "widget_created_at" : "2025-10-03T16:57:11.512987Z",
      "widget_updated_at" : "2025-10-03T16:57:11.512987Z"
    }
  }, {
    "id" : "fd97ff72-09fa-45e3-bbbf-ad57d2a9f365",
    "type" : "widgets",
    "attributes" : {
      "widget_id" : "fd97ff72-09fa-45e3-bbbf-ad57d2a9f365",
      "widget_type" : "vertical-barchart",
      "widget_config" : {
        "start" : null,
        "end" : null,
        "series" : [ {
          "name" : "Not Detected",
          "filter" : {
            "mode" : "and",
            "filters" : [ {
              "key" : "base_entity",
              "mode" : "or",
              "values" : [ "expectation-inject" ],
              "operator" : "eq"
            }, {
              "key" : "inject_expectation_type",
              "mode" : "or",
              "values" : [ "DETECTION" ],
              "operator" : "eq"
            }, {
              "key" : "inject_expectation_status",
              "mode" : "or",
              "values" : [ "FAILED" ],
              "operator" : "eq"
            } ]
          }
        }, {
          "name" : "Not Prevented",
          "filter" : {
            "mode" : "and",
            "filters" : [ {
              "key" : "base_entity",
              "mode" : "or",
              "values" : [ "expectation-inject" ],
              "operator" : "eq"
            }, {
              "key" : "inject_expectation_status",
              "mode" : "or",
              "values" : [ "FAILED" ],
              "operator" : "eq"
            }, {
              "key" : "inject_expectation_type",
              "mode" : "or",
              "values" : [ "PREVENTION" ],
              "operator" : "eq"
            } ]
          }
        } ],
        "mode" : "structural",
        "stacked" : false,
        "limit" : 100,
        "field" : "base_security_platforms_side",
        "widget_configuration_type" : "structural-histogram",
        "title" : "Inject undetected by security platform",
        "time_range" : "DEFAULT",
        "date_attribute" : "base_created_at",
        "display_legend" : false
      },
      "widget_layout" : {
        "widget_layout_w" : 12,
        "widget_layout_h" : 8,
        "widget_layout_x" : 0,
        "widget_layout_y" : 35
      },
      "widget_created_at" : "2025-10-03T16:57:11.496268Z",
      "widget_updated_at" : "2025-10-03T16:57:11.496268Z"
    }
  }, {
    "id" : "7129ae5f-7737-4a48-acd1-2f0b3a714c74",
    "type" : "widgets",
    "attributes" : {
      "widget_id" : "7129ae5f-7737-4a48-acd1-2f0b3a714c74",
      "widget_type" : "number",
      "widget_config" : {
        "start" : null,
        "end" : null,
        "series" : [ {
          "name" : "",
          "filter" : {
            "mode" : "and",
            "filters" : [ {
              "key" : "base_entity",
              "mode" : "or",
              "values" : [ "finding" ],
              "operator" : "eq"
            }, {
              "key" : "finding_type",
              "mode" : "or",
              "values" : [ "PortsScan", "Port" ],
              "operator" : "eq"
            } ]
          }
        } ],
        "widget_configuration_type" : "flat",
        "title" : "Ports Open",
        "time_range" : "DEFAULT",
        "date_attribute" : "base_created_at"
      },
      "widget_layout" : {
        "widget_layout_w" : 2,
        "widget_layout_h" : 2,
        "widget_layout_x" : 10,
        "widget_layout_y" : 6
      },
      "widget_created_at" : "2025-10-03T16:57:11.497357Z",
      "widget_updated_at" : "2025-10-03T16:57:11.497357Z"
    }
  }, {
    "id" : "7cb3001b-c8e4-4889-bf25-eb037eaa8510",
    "type" : "widgets",
    "attributes" : {
      "widget_id" : "7cb3001b-c8e4-4889-bf25-eb037eaa8510",
      "widget_type" : "number",
      "widget_config" : {
        "start" : null,
        "end" : null,
        "series" : [ {
          "name" : "",
          "filter" : {
            "mode" : "and",
            "filters" : [ {
              "key" : "base_entity",
              "mode" : "or",
              "values" : [ "vulnerable-endpoint" ],
              "operator" : "eq"
            } ]
          }
        } ],
        "widget_configuration_type" : "flat",
        "title" : "VULNERABLE ENDPOINTS NUMBER",
        "time_range" : "DEFAULT",
        "date_attribute" : "base_created_at"
      },
      "widget_layout" : {
        "widget_layout_w" : 2,
        "widget_layout_h" : 2,
        "widget_layout_x" : 10,
        "widget_layout_y" : 2
      },
      "widget_created_at" : "2025-10-03T16:57:11.498409Z",
      "widget_updated_at" : "2025-10-03T16:57:11.498409Z"
    }
  }, {
    "id" : "d7c7421d-1c5e-468b-ab0e-5176c2aa73a6",
    "type" : "widgets",
    "attributes" : {
      "widget_id" : "d7c7421d-1c5e-468b-ab0e-5176c2aa73a6",
      "widget_type" : "list",
      "widget_config" : {
        "start" : null,
        "end" : null,
        "series" : [ ],
        "perspective" : {
          "name" : "",
          "filter" : {
            "mode" : "and",
            "filters" : [ {
              "key" : "base_entity",
              "mode" : "or",
              "values" : [ "vulnerable-endpoint" ],
              "operator" : "eq"
            } ]
          }
        },
        "columns" : [ "vulnerable_endpoint_hostname", "base_created_at", "vulnerable_endpoint_agents_active_status", "vulnerable_endpoint_action", "vulnerable_endpoint_findings_summary" ],
        "sorts" : [ {
          "fieldName" : "base_created_at",
          "direction" : "DESC"
        } ],
        "limit" : 100,
        "widget_configuration_type" : "list",
        "title" : "Vulnerable endpoints",
        "time_range" : "DEFAULT",
        "date_attribute" : "base_created_at"
      },
      "widget_layout" : {
        "widget_layout_w" : 12,
        "widget_layout_h" : 5,
        "widget_layout_x" : 0,
        "widget_layout_y" : 14
      },
      "widget_created_at" : "2025-10-03T16:57:11.498952Z",
      "widget_updated_at" : "2025-10-03T16:57:11.498952Z"
    }
  }, {
    "id" : "5b48dbd8-bb44-414b-aed2-e54dc517cdaa",
    "type" : "widgets",
    "attributes" : {
      "widget_id" : "5b48dbd8-bb44-414b-aed2-e54dc517cdaa",
      "widget_type" : "vertical-barchart",
      "widget_config" : {
        "start" : null,
        "end" : null,
        "series" : [ {
          "name" : "Not Detected",
          "filter" : {
            "mode" : "and",
            "filters" : [ {
              "key" : "base_entity",
              "mode" : "or",
              "values" : [ "expectation-inject" ],
              "operator" : "eq"
            }, {
              "key" : "inject_expectation_type",
              "mode" : "or",
              "values" : [ "DETECTION" ],
              "operator" : "eq"
            }, {
              "key" : "inject_expectation_status",
              "mode" : "or",
              "values" : [ "SUCCESS" ],
              "operator" : "not_eq"
            } ]
          }
        }, {
          "name" : "Not Prevented",
          "filter" : {
            "mode" : "and",
            "filters" : [ {
              "key" : "base_entity",
              "mode" : "or",
              "values" : [ "expectation-inject" ],
              "operator" : "eq"
            }, {
              "key" : "inject_expectation_type",
              "mode" : "or",
              "values" : [ "PREVENTION" ],
              "operator" : "eq"
            }, {
              "key" : "inject_expectation_status",
              "mode" : "or",
              "values" : [ "SUCCESS" ],
              "operator" : "not_eq"
            } ]
          }
        } ],
        "mode" : "temporal",
        "stacked" : false,
        "interval" : "week",
        "widget_configuration_type" : "temporal-histogram",
        "title" : "Inject undetectected/unprevented by week",
        "time_range" : "DEFAULT",
        "date_attribute" : "base_updated_at",
        "display_legend" : false
      },
      "widget_layout" : {
        "widget_layout_w" : 4,
        "widget_layout_h" : 6,
        "widget_layout_x" : 0,
        "widget_layout_y" : 19
      },
      "widget_created_at" : "2025-10-03T16:57:11.500041Z",
      "widget_updated_at" : "2025-10-03T16:57:11.500041Z"
    }
  }, {
    "id" : "fa3231bf-140f-41f9-86d4-220f761906e6",
    "type" : "widgets",
    "attributes" : {
      "widget_id" : "fa3231bf-140f-41f9-86d4-220f761906e6",
      "widget_type" : "horizontal-barchart",
      "widget_config" : {
        "start" : null,
        "end" : null,
        "series" : [ {
          "name" : "Undetected TTPs",
          "filter" : {
            "mode" : "and",
            "filters" : [ {
              "key" : "base_entity",
              "mode" : "or",
              "values" : [ "expectation-inject" ],
              "operator" : "eq"
            }, {
              "key" : "inject_expectation_type",
              "mode" : "or",
              "values" : [ "DETECTION" ],
              "operator" : "eq"
            }, {
              "key" : "inject_expectation_status",
              "mode" : "or",
              "values" : [ "FAILED" ],
              "operator" : "eq"
            } ]
          }
        }, {
          "name" : "UnpreventedTTPs",
          "filter" : {
            "mode" : "and",
            "filters" : [ {
              "key" : "base_entity",
              "mode" : "or",
              "values" : [ "expectation-inject" ],
              "operator" : "eq"
            }, {
              "key" : "inject_expectation_type",
              "mode" : "or",
              "values" : [ "PREVENTION" ],
              "operator" : "eq"
            }, {
              "key" : "inject_expectation_status",
              "mode" : "or",
              "values" : [ "FAILED" ],
              "operator" : "eq"
            } ]
          }
        } ],
        "mode" : "structural",
        "stacked" : false,
        "limit" : 10,
        "field" : "base_attack_patterns_side",
        "widget_configuration_type" : "structural-histogram",
        "title" : "Most undetected TTPs",
        "time_range" : "DEFAULT",
        "date_attribute" : "base_created_at",
        "display_legend" : false
      },
      "widget_layout" : {
        "widget_layout_w" : 4,
        "widget_layout_h" : 6,
        "widget_layout_x" : 8,
        "widget_layout_y" : 19
      },
      "widget_created_at" : "2025-10-03T16:57:11.501097Z",
      "widget_updated_at" : "2025-10-03T16:57:11.501097Z"
    }
  }, {
    "id" : "7cea2875-6a94-4075-93b3-1555e6786837",
    "type" : "widgets",
    "attributes" : {
      "widget_id" : "7cea2875-6a94-4075-93b3-1555e6786837",
      "widget_type" : "number",
      "widget_config" : {
        "start" : null,
        "end" : null,
        "series" : [ {
          "name" : "findings",
          "filter" : {
            "mode" : "and",
            "filters" : [ {
              "key" : "base_entity",
              "mode" : "or",
              "values" : [ "finding" ],
              "operator" : "eq"
            } ]
          }
        } ],
        "widget_configuration_type" : "flat",
        "title" : "Total number of findings",
        "time_range" : "DEFAULT",
        "date_attribute" : "base_created_at"
      },
      "widget_layout" : {
        "widget_layout_w" : 2,
        "widget_layout_h" : 2,
        "widget_layout_x" : 8,
        "widget_layout_y" : 6
      },
      "widget_created_at" : "2025-10-03T16:57:11.502188Z",
      "widget_updated_at" : "2025-10-03T16:57:11.502188Z"
    }
  }, {
    "id" : "16dea81a-4f03-4101-91b8-75c07a09c06e",
    "type" : "widgets",
    "attributes" : {
      "widget_id" : "16dea81a-4f03-4101-91b8-75c07a09c06e",
      "widget_type" : "number",
      "widget_config" : {
        "start" : null,
        "end" : null,
        "series" : [ {
          "name" : "Scenario",
          "filter" : {
            "mode" : "and",
            "filters" : [ {
              "key" : "base_entity",
              "mode" : "or",
              "values" : [ "scenario" ],
              "operator" : "eq"
            } ]
          }
        } ],
        "widget_configuration_type" : "flat",
        "title" : "Scenario",
        "time_range" : "DEFAULT",
        "date_attribute" : "base_created_at"
      },
      "widget_layout" : {
        "widget_layout_w" : 2,
        "widget_layout_h" : 2,
        "widget_layout_x" : 8,
        "widget_layout_y" : 0
      },
      "widget_created_at" : "2025-10-03T16:57:11.513550Z",
      "widget_updated_at" : "2025-10-03T16:57:11.513550Z"
    }
  }, {
    "id" : "2d0322de-d7f8-4d8e-8b7a-1d6151c2348d",
    "type" : "widgets",
    "attributes" : {
      "widget_id" : "2d0322de-d7f8-4d8e-8b7a-1d6151c2348d",
      "widget_type" : "security-coverage",
      "widget_config" : {
        "start" : null,
        "end" : null,
        "series" : [ {
          "name" : "SUCCESS",
          "filter" : {
            "mode" : "and",
            "filters" : [ {
              "key" : "base_entity",
              "mode" : "and",
              "values" : [ "expectation-inject" ],
              "operator" : "eq"
            }, {
              "key" : "inject_expectation_status",
              "mode" : "and",
              "values" : [ "SUCCESS" ],
              "operator" : "eq"
            }, {
              "key" : "inject_expectation_type",
              "mode" : "and",
              "values" : [ "DETECTION" ],
              "operator" : "eq"
            } ]
          }
        }, {
          "name" : "FAILED",
          "filter" : {
            "mode" : "and",
            "filters" : [ {
              "key" : "base_entity",
              "mode" : "and",
              "values" : [ "expectation-inject" ],
              "operator" : "eq"
            }, {
              "key" : "inject_expectation_status",
              "mode" : "and",
              "values" : [ "FAILED" ],
              "operator" : "eq"
            }, {
              "key" : "inject_expectation_type",
              "mode" : "and",
              "values" : [ "DETECTION" ],
              "operator" : "eq"
            } ]
          }
        } ],
        "mode" : "structural",
        "stacked" : false,
        "limit" : 100,
        "field" : "base_attack_patterns_side",
        "widget_configuration_type" : "structural-histogram",
        "title" : "Detection coverage",
        "time_range" : "DEFAULT",
        "date_attribute" : "base_updated_at",
        "display_legend" : false
      },
      "widget_layout" : {
        "widget_layout_w" : 12,
        "widget_layout_h" : 10,
        "widget_layout_x" : 0,
        "widget_layout_y" : 25
      },
      "widget_created_at" : "2025-10-03T16:57:11.503286Z",
      "widget_updated_at" : "2025-10-03T16:57:11.503286Z"
    }
  }, {
    "id" : "568fdd5d-d20b-40ca-bef0-cdfda1022eef",
    "type" : "widgets",
    "attributes" : {
      "widget_id" : "568fdd5d-d20b-40ca-bef0-cdfda1022eef",
      "widget_type" : "donut",
      "widget_config" : {
        "start" : null,
        "end" : null,
        "series" : [ {
          "name" : "",
          "filter" : {
            "mode" : "and",
            "filters" : [ {
              "key" : "base_entity",
              "mode" : "or",
              "values" : [ "expectation-inject" ],
              "operator" : "eq"
            }, {
              "key" : "inject_expectation_type",
              "mode" : "or",
              "values" : [ "DETECTION" ],
              "operator" : "eq"
            } ]
          }
        } ],
        "mode" : "structural",
        "stacked" : false,
        "limit" : 100,
        "field" : "inject_expectation_status",
        "widget_configuration_type" : "structural-histogram",
        "title" : "Detection",
        "time_range" : "DEFAULT",
        "date_attribute" : "base_created_at",
        "display_legend" : false
      },
      "widget_layout" : {
        "widget_layout_w" : 2,
        "widget_layout_h" : 4,
        "widget_layout_x" : 0,
        "widget_layout_y" : 0
      },
      "widget_created_at" : "2025-10-03T16:57:11.504360Z",
      "widget_updated_at" : "2025-10-03T16:57:11.504360Z"
    }
  }, {
    "id" : "5c3d7d38-931d-4121-9f94-fc4eaf60952d",
    "type" : "widgets",
    "attributes" : {
      "widget_id" : "5c3d7d38-931d-4121-9f94-fc4eaf60952d",
      "widget_type" : "horizontal-barchart",
      "widget_config" : {
        "start" : null,
        "end" : null,
        "series" : [ {
          "name" : "Detected TTPs",
          "filter" : {
            "mode" : "and",
            "filters" : [ {
              "key" : "base_entity",
              "mode" : "or",
              "values" : [ "expectation-inject" ],
              "operator" : "eq"
            }, {
              "key" : "inject_expectation_type",
              "mode" : "or",
              "values" : [ "DETECTION" ],
              "operator" : "eq"
            }, {
              "key" : "inject_expectation_status",
              "mode" : "or",
              "values" : [ "SUCCESS" ],
              "operator" : "eq"
            } ]
          }
        }, {
          "name" : "Prevented TTPs",
          "filter" : {
            "mode" : "and",
            "filters" : [ {
              "key" : "base_entity",
              "mode" : "or",
              "values" : [ "expectation-inject" ],
              "operator" : "eq"
            }, {
              "key" : "inject_expectation_type",
              "mode" : "or",
              "values" : [ "PREVENTION" ],
              "operator" : "eq"
            }, {
              "key" : "inject_expectation_status",
              "mode" : "or",
              "values" : [ "SUCCESS" ],
              "operator" : "eq"
            } ]
          }
        } ],
        "mode" : "structural",
        "stacked" : false,
        "limit" : 10,
        "field" : "base_attack_patterns_side",
        "widget_configuration_type" : "structural-histogram",
        "title" : "Most Detected & Prevented TTPs",
        "time_range" : "DEFAULT",
        "date_attribute" : "base_created_at",
        "display_legend" : false
      },
      "widget_layout" : {
        "widget_layout_w" : 4,
        "widget_layout_h" : 6,
        "widget_layout_x" : 4,
        "widget_layout_y" : 19
      },
      "widget_created_at" : "2025-10-03T16:57:11.505441Z",
      "widget_updated_at" : "2025-10-03T16:57:11.505441Z"
    }
  }, {
    "id" : "c0070533-28d0-414d-8e38-fbab21de951b",
    "type" : "widgets",
    "attributes" : {
      "widget_id" : "c0070533-28d0-414d-8e38-fbab21de951b",
      "widget_type" : "number",
      "widget_config" : {
        "start" : null,
        "end" : null,
        "series" : [ {
          "name" : "",
          "filter" : {
            "mode" : "and",
            "filters" : [ {
              "key" : "base_entity",
              "mode" : "or",
              "values" : [ "finding" ],
              "operator" : "eq"
            }, {
              "key" : "finding_type",
              "mode" : "or",
              "values" : [ "CVE" ],
              "operator" : "eq"
            } ]
          }
        } ],
        "widget_configuration_type" : "flat",
        "title" : "CVEs found",
        "time_range" : "DEFAULT",
        "date_attribute" : "base_created_at"
      },
      "widget_layout" : {
        "widget_layout_w" : 2,
        "widget_layout_h" : 2,
        "widget_layout_x" : 10,
        "widget_layout_y" : 4
      },
      "widget_created_at" : "2025-10-03T16:57:11.506497Z",
      "widget_updated_at" : "2025-10-03T16:57:11.506497Z"
    }
  }, {
    "id" : "7dc69dd1-748b-4077-a95c-e2fe924d85aa",
    "type" : "widgets",
    "attributes" : {
      "widget_id" : "7dc69dd1-748b-4077-a95c-e2fe924d85aa",
      "widget_type" : "donut",
      "widget_config" : {
        "start" : null,
        "end" : null,
        "series" : [ {
          "name" : "",
          "filter" : {
            "mode" : "and",
            "filters" : [ {
              "key" : "base_entity",
              "mode" : "or",
              "values" : [ "vulnerable-endpoint" ],
              "operator" : "eq"
            } ]
          }
        } ],
        "mode" : "structural",
        "stacked" : false,
        "limit" : 100,
        "field" : "vulnerable_endpoint_action",
        "widget_configuration_type" : "structural-histogram",
        "title" : "Recommended action",
        "time_range" : "DEFAULT",
        "date_attribute" : "base_created_at",
        "display_legend" : false
      },
      "widget_layout" : {
        "widget_layout_w" : 2,
        "widget_layout_h" : 4,
        "widget_layout_x" : 6,
        "widget_layout_y" : 0
      },
      "widget_created_at" : "2025-10-03T16:57:11.507588Z",
      "widget_updated_at" : "2025-10-03T16:57:11.507588Z"
    }
  }, {
    "id" : "7e3fe005-52b7-470b-98e3-7383da785609",
    "type" : "widgets",
    "attributes" : {
      "widget_id" : "7e3fe005-52b7-470b-98e3-7383da785609",
      "widget_type" : "line",
      "widget_config" : {
        "start" : null,
        "end" : null,
        "series" : [ {
          "name" : "Simulation",
          "filter" : {
            "mode" : "and",
            "filters" : [ {
              "key" : "base_entity",
              "mode" : "or",
              "values" : [ "simulation" ],
              "operator" : "eq"
            } ]
          }
        } ],
        "mode" : "temporal",
        "stacked" : false,
        "interval" : "week",
        "widget_configuration_type" : "temporal-histogram",
        "title" : "Simulation by week",
        "time_range" : "DEFAULT",
        "date_attribute" : "base_created_at",
        "display_legend" : false
      },
      "widget_layout" : {
        "widget_layout_w" : 6,
        "widget_layout_h" : 6,
        "widget_layout_x" : 0,
        "widget_layout_y" : 43
      },
      "widget_created_at" : "2025-10-03T16:57:11.508130Z",
      "widget_updated_at" : "2025-10-03T16:57:11.508130Z"
    }
  }, {
    "id" : "68f04597-0aec-4ac9-8fe6-1b87a572cade",
    "type" : "widgets",
    "attributes" : {
      "widget_id" : "68f04597-0aec-4ac9-8fe6-1b87a572cade",
      "widget_type" : "list",
      "widget_config" : {
        "start" : null,
        "end" : null,
        "series" : [ ],
        "perspective" : {
          "name" : "",
          "filter" : {
            "mode" : "and",
            "filters" : [ {
              "key" : "base_entity",
              "mode" : "or",
              "values" : [ "simulation" ],
              "operator" : "eq"
            } ]
          }
        },
        "columns" : [ "name", "status", "base_created_at", "base_tags_side" ],
        "sorts" : [ {
          "fieldName" : "base_created_at",
          "direction" : "DESC"
        } ],
        "limit" : 100,
        "widget_configuration_type" : "list",
        "title" : "Latest simulation",
        "time_range" : "DEFAULT",
        "date_attribute" : "base_created_at"
      },
      "widget_layout" : {
        "widget_layout_w" : 6,
        "widget_layout_h" : 6,
        "widget_layout_x" : 6,
        "widget_layout_y" : 43
      },
      "widget_created_at" : "2025-10-03T16:57:11.509184Z",
      "widget_updated_at" : "2025-10-03T16:57:11.509184Z"
    }
  }, {
    "id" : "de8eadbd-ecf9-40f2-9213-d7bfc01b003e",
    "type" : "widgets",
    "attributes" : {
      "widget_id" : "de8eadbd-ecf9-40f2-9213-d7bfc01b003e",
      "widget_type" : "horizontal-barchart",
      "widget_config" : {
        "start" : null,
        "end" : null,
        "series" : [ {
          "name" : "",
          "filter" : {
            "mode" : "and",
            "filters" : [ {
              "key" : "base_entity",
              "mode" : "or",
              "values" : [ "finding" ],
              "operator" : "eq"
            } ]
          }
        } ],
        "mode" : "structural",
        "stacked" : false,
        "limit" : 100,
        "field" : "finding_type",
        "widget_configuration_type" : "structural-histogram",
        "title" : "Latest findings",
        "time_range" : "DEFAULT",
        "date_attribute" : "base_created_at",
        "display_legend" : false
      },
      "widget_layout" : {
        "widget_layout_w" : 4,
        "widget_layout_h" : 6,
        "widget_layout_x" : 8,
        "widget_layout_y" : 8
      },
      "widget_created_at" : "2025-10-03T16:57:11.510292Z",
      "widget_updated_at" : "2025-10-03T16:57:11.510292Z"
    }
  }, {
    "id" : "1a1aaee7-e831-494f-830d-e0cb91098d6a",
    "type" : "widgets",
    "attributes" : {
      "widget_id" : "1a1aaee7-e831-494f-830d-e0cb91098d6a",
      "widget_type" : "number",
      "widget_config" : {
        "start" : null,
        "end" : null,
        "series" : [ {
          "name" : "",
          "filter" : {
            "mode" : "and",
            "filters" : [ {
              "key" : "base_entity",
              "mode" : "or",
              "values" : [ "inject" ],
              "operator" : "eq"
            } ]
          }
        } ],
        "widget_configuration_type" : "flat",
        "title" : "Injects",
        "time_range" : "DEFAULT",
        "date_attribute" : "base_created_at"
      },
      "widget_layout" : {
        "widget_layout_w" : 2,
        "widget_layout_h" : 2,
        "widget_layout_x" : 8,
        "widget_layout_y" : 2
      },
      "widget_created_at" : "2025-10-03T16:57:11.511364Z",
      "widget_updated_at" : "2025-10-03T16:57:11.511364Z"
    }
  }, {
    "id" : "4d0648aa-c5de-4226-8c61-8e0301bd4e53",
    "type" : "widgets",
    "attributes" : {
      "widget_id" : "4d0648aa-c5de-4226-8c61-8e0301bd4e53",
      "widget_type" : "donut",
      "widget_config" : {
        "start" : null,
        "end" : null,
        "series" : [ {
          "name" : "",
          "filter" : {
            "mode" : "and",
            "filters" : [ {
              "key" : "base_entity",
              "mode" : "or",
              "values" : [ "expectation-inject" ],
              "operator" : "eq"
            }, {
              "key" : "inject_expectation_type",
              "mode" : "or",
              "values" : [ "PREVENTION" ],
              "operator" : "eq"
            } ]
          }
        } ],
        "mode" : "structural",
        "stacked" : false,
        "limit" : 100,
        "field" : "inject_expectation_status",
        "widget_configuration_type" : "structural-histogram",
        "title" : "Prevention",
        "time_range" : "DEFAULT",
        "date_attribute" : "base_created_at",
        "display_legend" : false
      },
      "widget_layout" : {
        "widget_layout_w" : 2,
        "widget_layout_h" : 4,
        "widget_layout_x" : 2,
        "widget_layout_y" : 0
      },
      "widget_created_at" : "2025-10-03T16:57:11.514666Z",
      "widget_updated_at" : "2025-10-03T16:57:11.514666Z"
    }
  }, {
    "id" : "62db6d3b-009a-439a-a75a-7bcd5f4fdfea",
    "type" : "custom_dashboards_parameters",
    "attributes" : {
      "custom_dashboards_parameter_id" : "62db6d3b-009a-439a-a75a-7bcd5f4fdfea",
      "custom_dashboards_parameter_name" : "End date",
      "custom_dashboards_parameter_type" : "endDate"
    }
  }, {
    "id" : "6a60ce77-686f-429f-9b13-13bccb1f9bc2",
    "type" : "custom_dashboards_parameters",
    "attributes" : {
      "custom_dashboards_parameter_id" : "6a60ce77-686f-429f-9b13-13bccb1f9bc2",
      "custom_dashboards_parameter_name" : "Time range",
      "custom_dashboards_parameter_type" : "timeRange"
    }
  }, {
    "id" : "de539bc5-f4a0-4945-8c2f-9d9ca18b846e",
    "type" : "custom_dashboards_parameters",
    "attributes" : {
      "custom_dashboards_parameter_id" : "de539bc5-f4a0-4945-8c2f-9d9ca18b846e",
      "custom_dashboards_parameter_name" : "Start date",
      "custom_dashboards_parameter_type" : "startDate"
    }
  } ]
}