{
  "data" : {
    "id" : "4ca3ef34-7ee4-477f-aa89-8c9807691bcd",
    "type" : "custom_dashboards",
    "attributes" : {
      "custom_dashboard_id" : "4ca3ef34-7ee4-477f-aa89-8c9807691bcd",
      "custom_dashboard_name" : "Tabletop Exercice simulation",
      "custom_dashboard_description" : "",
      "custom_dashboard_created_at" : "2025-10-06T12:19:13.018940Z",
      "custom_dashboard_updated_at" : "2025-10-06T12:21:15.536638Z"
    },
    "relationships" : {
      "custom_dashboard_widgets" : {
        "data" : [ {
          "id" : "148bc17e-6127-4084-886f-44199428c6c2",
          "type" : "widgets"
        }, {
          "id" : "0a4fe545-38d9-43e4-844d-d269264afb02",
          "type" : "widgets"
        }, {
          "id" : "744ba022-0102-4c53-88a2-b08357bfe838",
          "type" : "widgets"
        }, {
          "id" : "9c8b16b1-b008-4cf6-b123-2a9150059f27",
          "type" : "widgets"
        }, {
          "id" : "b559aa4f-60fa-46f7-8ac7-d9481deda0d1",
          "type" : "widgets"
        }, {
          "id" : "e3d9117c-5044-40cf-89df-8f24c0c74712",
          "type" : "widgets"
        }, {
          "id" : "c0a78de7-d4df-4491-8497-f4aa533d989c",
          "type" : "widgets"
        }, {
          "id" : "1840b54d-26f2-4291-9516-21da5e1bf6d7",
          "type" : "widgets"
        }, {
          "id" : "d8d9d597-8ae5-481a-b0ef-1294f90cf503",
          "type" : "widgets"
        } ]
      },
      "custom_dashboard_parameters" : {
        "data" : [ {
          "id" : "2a61f0be-49d5-4705-b7df-ff3963028da9",
          "type" : "custom_dashboards_parameters"
        }, {
          "id" : "5696db1e-d0e4-4b8d-bcc7-a223586beae3",
          "type" : "custom_dashboards_parameters"
        }, {
          "id" : "9ec16693-d360-42f2-9689-33ec073d1040",
          "type" : "custom_dashboards_parameters"
        }, {
          "id" : "d3d38161-ad54-409c-a9ee-ae667cc5e788",
          "type" : "custom_dashboards_parameters"
        } ]
      }
    }
  },
  "included" : [ {
    "id" : "148bc17e-6127-4084-886f-44199428c6c2",
    "type" : "widgets",
    "attributes" : {
      "widget_id" : "148bc17e-6127-4084-886f-44199428c6c2",
      "widget_type" : "donut",
      "widget_config" : {
        "start" : null,
        "end" : null,
        "series" : [ {
          "name" : "Performance overview",
          "filter" : {
            "mode" : "and",
            "filters" : [ {
              "key" : "base_entity",
              "mode" : "or",
              "values" : [ "expectation-inject" ],
              "operator" : "eq"
            }, {
              "key" : "inject_expectation_type",
              "mode" : "or",
              "values" : [ "MANUAL" ],
              "operator" : "eq"
            }, {
              "key" : "base_simulation_side",
              "mode" : "or",
              "values" : [ "44599471-8b0f-4e1a-8916-b766fb57b6a2" ],
              "operator" : "eq"
            } ]
          }
        } ],
        "mode" : "structural",
        "stacked" : false,
        "limit" : 10,
        "field" : "inject_expectation_status",
        "widget_configuration_type" : "structural-histogram",
        "title" : "Performance overview",
        "time_range" : "DEFAULT",
        "date_attribute" : "base_created_at",
        "display_legend" : false
      },
      "widget_layout" : {
        "widget_layout_w" : 2,
        "widget_layout_h" : 4,
        "widget_layout_x" : 0,
        "widget_layout_y" : 0
      },
      "widget_created_at" : "2025-10-06T12:19:13.039911Z",
      "widget_updated_at" : "2025-10-06T12:19:13.039911Z"
    }
  }, {
    "id" : "0a4fe545-38d9-43e4-844d-d269264afb02",
    "type" : "widgets",
    "attributes" : {
      "widget_id" : "0a4fe545-38d9-43e4-844d-d269264afb02",
      "widget_type" : "donut",
      "widget_config" : {
        "start" : null,
        "end" : null,
        "series" : [ {
          "name" : "",
          "filter" : {
            "mode" : "and",
            "filters" : [ {
              "key" : "base_entity",
              "mode" : "or",
              "values" : [ "expectation-inject" ],
              "operator" : "eq"
            }, {
              "key" : "base_simulation_side",
              "mode" : "or",
              "values" : [ "44599471-8b0f-4e1a-8916-b766fb57b6a2" ],
              "operator" : "eq"
            } ]
          }
        } ],
        "mode" : "structural",
        "stacked" : false,
        "limit" : 10,
        "field" : "base_team_side",
        "widget_configuration_type" : "structural-histogram",
        "title" : "TEAMS ENGAGED",
        "time_range" : "DEFAULT",
        "date_attribute" : "base_created_at",
        "display_legend" : false
      },
      "widget_layout" : {
        "widget_layout_w" : 4,
        "widget_layout_h" : 6,
        "widget_layout_x" : 8,
        "widget_layout_y" : 0
      },
      "widget_created_at" : "2025-10-06T12:19:13.040953Z",
      "widget_updated_at" : "2025-10-06T12:19:13.040953Z"
    }
  }, {
    "id" : "744ba022-0102-4c53-88a2-b08357bfe838",
    "type" : "widgets",
    "attributes" : {
      "widget_id" : "744ba022-0102-4c53-88a2-b08357bfe838",
      "widget_type" : "donut",
      "widget_config" : {
        "start" : null,
        "end" : null,
        "series" : [ {
          "name" : "",
          "filter" : {
            "mode" : "and",
            "filters" : [ {
              "key" : "base_entity",
              "mode" : "or",
              "values" : [ "inject" ],
              "operator" : "eq"
            }, {
              "key" : "base_simulation_side",
              "mode" : "or",
              "values" : [ "44599471-8b0f-4e1a-8916-b766fb57b6a2" ],
              "operator" : "eq"
            } ]
          }
        } ],
        "mode" : "structural",
        "stacked" : false,
        "limit" : 10,
        "field" : "inject_status",
        "widget_configuration_type" : "structural-histogram",
        "title" : "Injects status",
        "time_range" : "DEFAULT",
        "date_attribute" : "base_created_at",
        "display_legend" : false
      },
      "widget_layout" : {
        "widget_layout_w" : 5,
        "widget_layout_h" : 6,
        "widget_layout_x" : 0,
        "widget_layout_y" : 12
      },
      "widget_created_at" : "2025-10-06T12:19:13.043132Z",
      "widget_updated_at" : "2025-10-06T12:19:13.043132Z"
    }
  }, {
    "id" : "9c8b16b1-b008-4cf6-b123-2a9150059f27",
    "type" : "widgets",
    "attributes" : {
      "widget_id" : "9c8b16b1-b008-4cf6-b123-2a9150059f27",
      "widget_type" : "horizontal-barchart",
      "widget_config" : {
        "start" : null,
        "end" : null,
        "series" : [ {
          "name" : "",
          "filter" : {
            "mode" : "and",
            "filters" : [ {
              "key" : "base_entity",
              "mode" : "or",
              "values" : [ "expectation-inject" ],
              "operator" : "eq"
            }, {
              "key" : "base_simulation_side",
              "mode" : "or",
              "values" : [ "44599471-8b0f-4e1a-8916-b766fb57b6a2" ],
              "operator" : "eq"
            } ]
          }
        } ],
        "mode" : "structural",
        "stacked" : false,
        "limit" : 10,
        "field" : "inject_expectation_type",
        "widget_configuration_type" : "structural-histogram",
        "title" : "Injects Types",
        "time_range" : "DEFAULT",
        "date_attribute" : "base_created_at",
        "display_legend" : false
      },
      "widget_layout" : {
        "widget_layout_w" : 4,
        "widget_layout_h" : 6,
        "widget_layout_x" : 4,
        "widget_layout_y" : 0
      },
      "widget_created_at" : "2025-10-06T12:19:13.044229Z",
      "widget_updated_at" : "2025-10-06T12:19:13.044229Z"
    }
  }, {
    "id" : "b559aa4f-60fa-46f7-8ac7-d9481deda0d1",
    "type" : "widgets",
    "attributes" : {
      "widget_id" : "b559aa4f-60fa-46f7-8ac7-d9481deda0d1",
      "widget_type" : "number",
      "widget_config" : {
        "start" : null,
        "end" : null,
        "series" : [ {
          "name" : "",
          "filter" : {
            "mode" : "and",
            "filters" : [ {
              "key" : "base_entity",
              "mode" : "or",
              "values" : [ "inject" ],
              "operator" : "eq"
            }, {
              "key" : "base_simulation_side",
              "mode" : "or",
              "values" : [ "44599471-8b0f-4e1a-8916-b766fb57b6a2" ],
              "operator" : "eq"
            } ]
          }
        } ],
        "widget_configuration_type" : "flat",
        "title" : "Injects",
        "time_range" : "DEFAULT",
        "date_attribute" : "base_created_at"
      },
      "widget_layout" : {
        "widget_layout_w" : 2,
        "widget_layout_h" : 2,
        "widget_layout_x" : 2,
        "widget_layout_y" : 0
      },
      "widget_created_at" : "2025-10-06T12:19:13.045872Z",
      "widget_updated_at" : "2025-10-06T12:19:13.045872Z"
    }
  }, {
    "id" : "e3d9117c-5044-40cf-89df-8f24c0c74712",
    "type" : "widgets",
    "attributes" : {
      "widget_id" : "e3d9117c-5044-40cf-89df-8f24c0c74712",
      "widget_type" : "vertical-barchart",
      "widget_config" : {
        "start" : null,
        "end" : null,
        "series" : [ {
          "name" : "Failed",
          "filter" : {
            "mode" : "and",
            "filters" : [ {
              "key" : "base_entity",
              "mode" : "or",
              "values" : [ "expectation-inject" ],
              "operator" : "eq"
            }, {
              "key" : "inject_expectation_status",
              "mode" : "or",
              "values" : [ "FAILED" ],
              "operator" : "eq"
            }, {
              "key" : "inject_expectation_type",
              "mode" : "or",
              "values" : [ "DOCUMENT", "ARTICLE", "CHALLENGE", "MANUAL" ],
              "operator" : "eq"
            }, {
              "key" : "base_simulation_side",
              "mode" : "or",
              "values" : [ "44599471-8b0f-4e1a-8916-b766fb57b6a2" ],
              "operator" : "eq"
            } ]
          }
        }, {
          "name" : "Success",
          "filter" : {
            "mode" : "and",
            "filters" : [ {
              "key" : "base_entity",
              "mode" : "or",
              "values" : [ "expectation-inject" ],
              "operator" : "eq"
            }, {
              "key" : "inject_expectation_type",
              "mode" : "or",
              "values" : [ "TEXT", "DOCUMENT", "ARTICLE", "CHALLENGE", "MANUAL" ],
              "operator" : "eq"
            }, {
              "key" : "inject_expectation_status",
              "mode" : "or",
              "values" : [ "SUCCESS" ],
              "operator" : "eq"
            }, {
              "key" : "base_simulation_side",
              "mode" : "or",
              "values" : [ "44599471-8b0f-4e1a-8916-b766fb57b6a2" ],
              "operator" : "eq"
            } ]
          }
        } ],
        "mode" : "structural",
        "stacked" : false,
        "limit" : 100,
        "field" : "base_team_side",
        "widget_configuration_type" : "structural-histogram",
        "title" : "Success/Fails by teams",
        "time_range" : "DEFAULT",
        "date_attribute" : "base_created_at",
        "display_legend" : false
      },
      "widget_layout" : {
        "widget_layout_w" : 8,
        "widget_layout_h" : 6,
        "widget_layout_x" : 4,
        "widget_layout_y" : 6
      },
      "widget_created_at" : "2025-10-06T12:19:13.046947Z",
      "widget_updated_at" : "2025-10-06T12:19:13.046947Z"
    }
  }, {
    "id" : "c0a78de7-d4df-4491-8497-f4aa533d989c",
    "type" : "widgets",
    "attributes" : {
      "widget_id" : "c0a78de7-d4df-4491-8497-f4aa533d989c",
      "widget_type" : "line",
      "widget_config" : {
        "start" : null,
        "end" : null,
        "series" : [ {
          "name" : "",
          "filter" : {
            "mode" : "and",
            "filters" : [ {
              "key" : "base_entity",
              "mode" : "or",
              "values" : [ "inject" ],
              "operator" : "eq"
            }, {
              "key" : "base_simulation_side",
              "mode" : "or",
              "values" : [ "44599471-8b0f-4e1a-8916-b766fb57b6a2" ],
              "operator" : "eq"
            } ]
          }
        } ],
        "mode" : "temporal",
        "stacked" : false,
        "interval" : "week",
        "widget_configuration_type" : "temporal-histogram",
        "title" : "Injects over time",
        "time_range" : "DEFAULT",
        "date_attribute" : "base_created_at",
        "display_legend" : false
      },
      "widget_layout" : {
        "widget_layout_w" : 4,
        "widget_layout_h" : 8,
        "widget_layout_x" : 0,
        "widget_layout_y" : 4
      },
      "widget_created_at" : "2025-10-06T12:19:13.047984Z",
      "widget_updated_at" : "2025-10-06T12:19:13.047984Z"
    }
  }, {
    "id" : "1840b54d-26f2-4291-9516-21da5e1bf6d7",
    "type" : "widgets",
    "attributes" : {
      "widget_id" : "1840b54d-26f2-4291-9516-21da5e1bf6d7",
      "widget_type" : "number",
      "widget_config" : {
        "start" : null,
        "end" : null,
        "series" : [ {
          "name" : "",
          "filter" : {
            "mode" : "and",
            "filters" : [ {
              "key" : "base_entity",
              "mode" : "or",
              "values" : [ "inject" ],
              "operator" : "eq"
            }, {
              "key" : "inject_status",
              "mode" : "or",
              "values" : [ "SUCCESS" ],
              "operator" : "not_eq"
            }, {
              "key" : "base_simulation_side",
              "mode" : "or",
              "values" : [ "44599471-8b0f-4e1a-8916-b766fb57b6a2" ],
              "operator" : "eq"
            } ]
          }
        } ],
        "widget_configuration_type" : "flat",
        "title" : "Injects not success",
        "time_range" : "DEFAULT",
        "date_attribute" : "base_created_at"
      },
      "widget_layout" : {
        "widget_layout_w" : 2,
        "widget_layout_h" : 2,
        "widget_layout_x" : 2,
        "widget_layout_y" : 2
      },
      "widget_created_at" : "2025-10-06T12:19:13.049648Z",
      "widget_updated_at" : "2025-10-06T12:19:13.049648Z"
    }
  }, {
    "id" : "d8d9d597-8ae5-481a-b0ef-1294f90cf503",
    "type" : "widgets",
    "attributes" : {
      "widget_id" : "d8d9d597-8ae5-481a-b0ef-1294f90cf503",
      "widget_type" : "list",
      "widget_config" : {
        "start" : null,
        "end" : null,
        "series" : [ ],
        "perspective" : {
          "name" : "",
          "filter" : {
            "mode" : "and",
            "filters" : [ {
              "key" : "base_entity",
              "mode" : "or",
              "values" : [ "expectation-inject" ],
              "operator" : "eq"
            }, {
              "key" : "base_simulation_side",
              "mode" : "or",
              "values" : [ "44599471-8b0f-4e1a-8916-b766fb57b6a2" ],
              "operator" : "eq"
            } ]
          }
        },
        "columns" : [ "inject_expectation_type", "inject_expectation_status", "base_created_at", "inject_expectation_expected_score", "inject_expectation_score" ],
        "sorts" : [ {
          "fieldName" : "base_created_at",
          "direction" : "DESC"
        } ],
        "limit" : 100,
        "widget_configuration_type" : "list",
        "title" : "Latest injects",
        "time_range" : "DEFAULT",
        "date_attribute" : "base_updated_at"
      },
      "widget_layout" : {
        "widget_layout_w" : 7,
        "widget_layout_h" : 6,
        "widget_layout_x" : 5,
        "widget_layout_y" : 12
      },
      "widget_created_at" : "2025-10-06T12:19:13.050685Z",
      "widget_updated_at" : "2025-10-06T12:19:13.050685Z"
    }
  }, {
    "id" : "2a61f0be-49d5-4705-b7df-ff3963028da9",
    "type" : "custom_dashboards_parameters",
    "attributes" : {
      "custom_dashboards_parameter_id" : "2a61f0be-49d5-4705-b7df-ff3963028da9",
      "custom_dashboards_parameter_name" : "Start date",
      "custom_dashboards_parameter_type" : "startDate"
    }
  }, {
    "id" : "5696db1e-d0e4-4b8d-bcc7-a223586beae3",
    "type" : "custom_dashboards_parameters",
    "attributes" : {
      "custom_dashboards_parameter_id" : "5696db1e-d0e4-4b8d-bcc7-a223586beae3",
      "custom_dashboards_parameter_name" : "End date",
      "custom_dashboards_parameter_type" : "endDate"
    }
  }, {
    "id" : "9ec16693-d360-42f2-9689-33ec073d1040",
    "type" : "custom_dashboards_parameters",
    "attributes" : {
      "custom_dashboards_parameter_id" : "9ec16693-d360-42f2-9689-33ec073d1040",
      "custom_dashboards_parameter_name" : "simulation",
      "custom_dashboards_parameter_type" : "simulation"
    }
  }, {
    "id" : "d3d38161-ad54-409c-a9ee-ae667cc5e788",
    "type" : "custom_dashboards_parameters",
    "attributes" : {
      "custom_dashboards_parameter_id" : "d3d38161-ad54-409c-a9ee-ae667cc5e788",
      "custom_dashboards_parameter_name" : "Time range",
      "custom_dashboards_parameter_type" : "timeRange"
    }
  } ]
}