{
  "data" : {
    "id" : "dddb8541-1648-4553-b69e-f99f688e9880",
    "type" : "custom_dashboards",
    "attributes" : {
      "custom_dashboard_id" : "dddb8541-1648-4553-b69e-f99f688e9880",
      "custom_dashboard_name" : "Technical simulation",
      "custom_dashboard_description" : "",
      "custom_dashboard_created_at" : "2025-10-06T12:19:13.176520Z",
      "custom_dashboard_updated_at" : "2025-10-06T12:20:11.840598Z"
    },
    "relationships" : {
      "custom_dashboard_widgets" : {
        "data" : [ {
          "id" : "51c2d14d-58bc-4533-bd38-237e4a766278",
          "type" : "widgets"
        }, {
          "id" : "d2d46ba8-ec50-41fa-82b8-d6a91edde362",
          "type" : "widgets"
        }, {
          "id" : "9225b116-2016-45d7-bdd9-e617698db120",
          "type" : "widgets"
        }, {
          "id" : "8c69d80a-c675-4cd8-ace6-a7ea375d69d8",
          "type" : "widgets"
        }, {
          "id" : "014df731-1d08-40e7-92de-d003730c53ca",
          "type" : "widgets"
        }, {
          "id" : "c0c51eb5-af7b-4c87-927b-b4a256641054",
          "type" : "widgets"
        }, {
          "id" : "420ba6ce-5205-4082-ae7d-298f88e9e643",
          "type" : "widgets"
        }, {
          "id" : "3fa3f09f-d976-4708-a216-3c937fc7d1aa",
          "type" : "widgets"
        }, {
          "id" : "947eea6d-0a63-4e5b-8916-3ef8ef2a1792",
          "type" : "widgets"
        }, {
          "id" : "4fa48a9d-105c-421a-86c9-175af3051e9e",
          "type" : "widgets"
        }, {
          "id" : "9c3f3baa-9301-4554-abbe-10ffb179bf95",
          "type" : "widgets"
        }, {
          "id" : "2385705d-48a9-4532-bbd6-c9274cef0de8",
          "type" : "widgets"
        }, {
          "id" : "32de620d-f515-4c69-a46e-90186b21cbc2",
          "type" : "widgets"
        }, {
          "id" : "bb544b04-05a5-4bac-8993-d8bef979d70e",
          "type" : "widgets"
        }, {
          "id" : "ecdbf5f7-b5ad-4abe-86f6-607a233911e3",
          "type" : "widgets"
        }, {
          "id" : "3eb5fd10-26ab-48a5-baef-6c3360d82585",
          "type" : "widgets"
        }, {
          "id" : "e0bd10d3-524f-479e-bacb-a146a70c02f7",
          "type" : "widgets"
        }, {
          "id" : "4592176b-c76e-4347-bec0-245ddb261ea7",
          "type" : "widgets"
        }, {
          "id" : "49609be8-4de2-4489-acd6-45d6ceb0a569",
          "type" : "widgets"
        }, {
          "id" : "fc6ee7d7-1ec3-4928-abf4-603210dd7427",
          "type" : "widgets"
        } ]
      },
      "custom_dashboard_parameters" : {
        "data" : [ {
          "id" : "0279627b-276c-4358-9cee-e1f82ecd61a4",
          "type" : "custom_dashboards_parameters"
        }, {
          "id" : "293ab62c-36cd-49ea-8556-81bc51a1d66e",
          "type" : "custom_dashboards_parameters"
        }, {
          "id" : "787a2612-a201-4a1c-a2fe-6ed199d217b6",
          "type" : "custom_dashboards_parameters"
        }, {
          "id" : "98db4a18-c1b1-46cd-b0e3-46744536bdc6",
          "type" : "custom_dashboards_parameters"
        } ]
      }
    }
  },
  "included" : [ {
    "id" : "51c2d14d-58bc-4533-bd38-237e4a766278",
    "type" : "widgets",
    "attributes" : {
      "widget_id" : "51c2d14d-58bc-4533-bd38-237e4a766278",
      "widget_type" : "number",
      "widget_config" : {
        "start" : null,
        "end" : null,
        "series" : [ {
          "name" : "",
          "filter" : {
            "mode" : "and",
            "filters" : [ {
              "key" : "base_entity",
              "mode" : "or",
              "values" : [ "inject" ],
              "operator" : "eq"
            }, {
              "key" : "base_simulation_side",
              "mode" : "or",
              "values" : [ "4f5abd13-5882-4d26-a6cd-946e631e8b1f" ],
              "operator" : "eq"
            } ]
          }
        } ],
        "widget_configuration_type" : "flat",
        "title" : "Inject",
        "time_range" : "DEFAULT",
        "date_attribute" : "base_created_at"
      },
      "widget_layout" : {
        "widget_layout_w" : 2,
        "widget_layout_h" : 2,
        "widget_layout_x" : 8,
        "widget_layout_y" : 0
      },
      "widget_created_at" : "2025-10-06T12:19:13.190729Z",
      "widget_updated_at" : "2025-10-06T12:19:13.190729Z"
    }
  }, {
    "id" : "d2d46ba8-ec50-41fa-82b8-d6a91edde362",
    "type" : "widgets",
    "attributes" : {
      "widget_id" : "d2d46ba8-ec50-41fa-82b8-d6a91edde362",
      "widget_type" : "number",
      "widget_config" : {
        "start" : null,
        "end" : null,
        "series" : [ {
          "name" : "",
          "filter" : {
            "mode" : "and",
            "filters" : [ {
              "key" : "base_entity",
              "mode" : "or",
              "values" : [ "finding" ],
              "operator" : "eq"
            }, {
              "key" : "base_simulation_side",
              "mode" : "or",
              "values" : [ "4f5abd13-5882-4d26-a6cd-946e631e8b1f" ],
              "operator" : "eq"
            } ]
          }
        } ],
        "widget_configuration_type" : "flat",
        "title" : "Total number of findings",
        "time_range" : "DEFAULT",
        "date_attribute" : "base_created_at"
      },
      "widget_layout" : {
        "widget_layout_w" : 2,
        "widget_layout_h" : 2,
        "widget_layout_x" : 8,
        "widget_layout_y" : 4
      },
      "widget_created_at" : "2025-10-06T12:19:13.191803Z",
      "widget_updated_at" : "2025-10-06T12:19:13.191803Z"
    }
  }, {
    "id" : "9225b116-2016-45d7-bdd9-e617698db120",
    "type" : "widgets",
    "attributes" : {
      "widget_id" : "9225b116-2016-45d7-bdd9-e617698db120",
      "widget_type" : "donut",
      "widget_config" : {
        "start" : null,
        "end" : null,
        "series" : [ {
          "name" : "",
          "filter" : {
            "mode" : "and",
            "filters" : [ {
              "key" : "base_entity",
              "mode" : "or",
              "values" : [ "expectation-inject" ],
              "operator" : "eq"
            }, {
              "key" : "inject_expectation_type",
              "mode" : "or",
              "values" : [ "DETECTION" ],
              "operator" : "eq"
            }, {
              "key" : "base_simulation_side",
              "mode" : "or",
              "values" : [ "4f5abd13-5882-4d26-a6cd-946e631e8b1f" ],
              "operator" : "eq"
            } ]
          }
        } ],
        "mode" : "structural",
        "stacked" : false,
        "limit" : 100,
        "field" : "inject_expectation_status",
        "widget_configuration_type" : "structural-histogram",
        "title" : "Detection",
        "time_range" : "DEFAULT",
        "date_attribute" : "base_created_at",
        "display_legend" : false
      },
      "widget_layout" : {
        "widget_layout_w" : 2,
        "widget_layout_h" : 4,
        "widget_layout_x" : 0,
        "widget_layout_y" : 0
      },
      "widget_created_at" : "2025-10-06T12:19:13.189113Z",
      "widget_updated_at" : "2025-10-06T12:19:13.189113Z"
    }
  }, {
    "id" : "8c69d80a-c675-4cd8-ace6-a7ea375d69d8",
    "type" : "widgets",
    "attributes" : {
      "widget_id" : "8c69d80a-c675-4cd8-ace6-a7ea375d69d8",
      "widget_type" : "list",
      "widget_config" : {
        "start" : null,
        "end" : null,
        "series" : [ ],
        "perspective" : {
          "name" : "",
          "filter" : {
            "mode" : "and",
            "filters" : [ {
              "key" : "base_entity",
              "mode" : "or",
              "values" : [ "finding" ],
              "operator" : "eq"
            }, {
              "key" : "base_simulation_side",
              "mode" : "or",
              "values" : [ "4f5abd13-5882-4d26-a6cd-946e631e8b1f" ],
              "operator" : "eq"
            } ]
          }
        },
        "columns" : [ "finding_value", "base_created_at", "finding_type" ],
        "sorts" : [ {
          "fieldName" : "base_created_at",
          "direction" : "DESC"
        } ],
        "limit" : 100,
        "widget_configuration_type" : "list",
        "title" : "findings",
        "time_range" : "DEFAULT",
        "date_attribute" : "base_created_at"
      },
      "widget_layout" : {
        "widget_layout_w" : 8,
        "widget_layout_h" : 8,
        "widget_layout_x" : 0,
        "widget_layout_y" : 4
      },
      "widget_created_at" : "2025-10-06T12:19:13.183319Z",
      "widget_updated_at" : "2025-10-06T12:19:13.183319Z"
    }
  }, {
    "id" : "014df731-1d08-40e7-92de-d003730c53ca",
    "type" : "widgets",
    "attributes" : {
      "widget_id" : "014df731-1d08-40e7-92de-d003730c53ca",
      "widget_type" : "horizontal-barchart",
      "widget_config" : {
        "start" : null,
        "end" : null,
        "series" : [ {
          "name" : "Detected TTPs",
          "filter" : {
            "mode" : "and",
            "filters" : [ {
              "key" : "base_entity",
              "mode" : "or",
              "values" : [ "expectation-inject" ],
              "operator" : "eq"
            }, {
              "key" : "inject_expectation_status",
              "mode" : "or",
              "values" : [ "SUCCESS" ],
              "operator" : "eq"
            }, {
              "key" : "inject_expectation_type",
              "mode" : "or",
              "values" : [ "DETECTION" ],
              "operator" : "eq"
            }, {
              "key" : "base_simulation_side",
              "mode" : "or",
              "values" : [ "4f5abd13-5882-4d26-a6cd-946e631e8b1f" ],
              "operator" : "eq"
            } ]
          }
        }, {
          "name" : "Prevented TTPs",
          "filter" : {
            "mode" : "and",
            "filters" : [ {
              "key" : "base_entity",
              "mode" : "or",
              "values" : [ "expectation-inject" ],
              "operator" : "eq"
            }, {
              "key" : "inject_expectation_type",
              "mode" : "or",
              "values" : [ "PREVENTION" ],
              "operator" : "eq"
            }, {
              "key" : "inject_expectation_status",
              "mode" : "or",
              "values" : [ "SUCCESS" ],
              "operator" : "eq"
            }, {
              "key" : "base_scenario_side",
              "mode" : "or",
              "values" : [ "c3471239-3d8c-4932-b537-a29c1dd04113" ],
              "operator" : "eq"
            }, {
              "key" : "base_simulation_side",
              "mode" : "or",
              "values" : [ "4f5abd13-5882-4d26-a6cd-946e631e8b1f" ],
              "operator" : "eq"
            } ]
          }
        } ],
        "mode" : "structural",
        "stacked" : false,
        "limit" : 10,
        "field" : "base_attack_patterns_side",
        "widget_configuration_type" : "structural-histogram",
        "title" : "Most Detected & Prevented TTPs",
        "time_range" : "DEFAULT",
        "date_attribute" : "base_created_at",
        "display_legend" : false
      },
      "widget_layout" : {
        "widget_layout_w" : 4,
        "widget_layout_h" : 6,
        "widget_layout_x" : 4,
        "widget_layout_y" : 17
      },
      "widget_created_at" : "2025-10-06T12:19:13.184902Z",
      "widget_updated_at" : "2025-10-06T12:19:13.184902Z"
    }
  }, {
    "id" : "c0c51eb5-af7b-4c87-927b-b4a256641054",
    "type" : "widgets",
    "attributes" : {
      "widget_id" : "c0c51eb5-af7b-4c87-927b-b4a256641054",
      "widget_type" : "horizontal-barchart",
      "widget_config" : {
        "start" : null,
        "end" : null,
        "series" : [ {
          "name" : "",
          "filter" : {
            "mode" : "and",
            "filters" : [ {
              "key" : "base_entity",
              "mode" : "or",
              "values" : [ "finding" ],
              "operator" : "eq"
            }, {
              "key" : "base_simulation_side",
              "mode" : "or",
              "values" : [ "4f5abd13-5882-4d26-a6cd-946e631e8b1f" ],
              "operator" : "eq"
            } ]
          }
        } ],
        "mode" : "structural",
        "stacked" : false,
        "limit" : 100,
        "field" : "finding_type",
        "widget_configuration_type" : "structural-histogram",
        "title" : "Latest findings",
        "time_range" : "DEFAULT",
        "date_attribute" : "base_created_at",
        "display_legend" : false
      },
      "widget_layout" : {
        "widget_layout_w" : 4,
        "widget_layout_h" : 6,
        "widget_layout_x" : 8,
        "widget_layout_y" : 6
      },
      "widget_created_at" : "2025-10-06T12:19:13.185439Z",
      "widget_updated_at" : "2025-10-06T12:19:13.185439Z"
    }
  }, {
    "id" : "420ba6ce-5205-4082-ae7d-298f88e9e643",
    "type" : "widgets",
    "attributes" : {
      "widget_id" : "420ba6ce-5205-4082-ae7d-298f88e9e643",
      "widget_type" : "number",
      "widget_config" : {
        "start" : null,
        "end" : null,
        "series" : [ {
          "name" : "",
          "filter" : {
            "mode" : "and",
            "filters" : [ {
              "key" : "base_entity",
              "mode" : "or",
              "values" : [ "finding" ],
              "operator" : "eq"
            }, {
              "key" : "base_scenario_side",
              "mode" : "or",
              "values" : [ "c3471239-3d8c-4932-b537-a29c1dd04113" ],
              "operator" : "eq"
            }, {
              "key" : "finding_type",
              "mode" : "or",
              "values" : [ "Port", "PortsScan" ],
              "operator" : "eq"
            } ]
          }
        } ],
        "widget_configuration_type" : "flat",
        "title" : "Ports Open",
        "time_range" : "DEFAULT",
        "date_attribute" : "base_created_at"
      },
      "widget_layout" : {
        "widget_layout_w" : 2,
        "widget_layout_h" : 2,
        "widget_layout_x" : 10,
        "widget_layout_y" : 4
      },
      "widget_created_at" : "2025-10-06T12:19:13.186477Z",
      "widget_updated_at" : "2025-10-06T12:19:13.186477Z"
    }
  }, {
    "id" : "3fa3f09f-d976-4708-a216-3c937fc7d1aa",
    "type" : "widgets",
    "attributes" : {
      "widget_id" : "3fa3f09f-d976-4708-a216-3c937fc7d1aa",
      "widget_type" : "number",
      "widget_config" : {
        "start" : null,
        "end" : null,
        "series" : [ {
          "name" : "",
          "filter" : {
            "mode" : "and",
            "filters" : [ {
              "key" : "base_entity",
              "mode" : "or",
              "values" : [ "vulnerable-endpoint" ],
              "operator" : "eq"
            }, {
              "key" : "base_simulation_side",
              "mode" : "or",
              "values" : [ "4f5abd13-5882-4d26-a6cd-946e631e8b1f" ],
              "operator" : "eq"
            } ]
          }
        } ],
        "widget_configuration_type" : "flat",
        "title" : "Vulnerable endpoints number",
        "time_range" : "DEFAULT",
        "date_attribute" : "base_created_at"
      },
      "widget_layout" : {
        "widget_layout_w" : 2,
        "widget_layout_h" : 2,
        "widget_layout_x" : 10,
        "widget_layout_y" : 0
      },
      "widget_created_at" : "2025-10-06T12:19:13.187537Z",
      "widget_updated_at" : "2025-10-06T12:19:13.187537Z"
    }
  }, {
    "id" : "947eea6d-0a63-4e5b-8916-3ef8ef2a1792",
    "type" : "widgets",
    "attributes" : {
      "widget_id" : "947eea6d-0a63-4e5b-8916-3ef8ef2a1792",
      "widget_type" : "number",
      "widget_config" : {
        "start" : null,
        "end" : null,
        "series" : [ {
          "name" : "endpoints",
          "filter" : {
            "mode" : "and",
            "filters" : [ {
              "key" : "base_entity",
              "mode" : "or",
              "values" : [ "endpoint" ],
              "operator" : "eq"
            }, {
              "key" : "base_simulation_side",
              "mode" : "or",
              "values" : [ "4f5abd13-5882-4d26-a6cd-946e631e8b1f" ],
              "operator" : "eq"
            } ]
          }
        } ],
        "widget_configuration_type" : "flat",
        "title" : "endpoints",
        "time_range" : "DEFAULT",
        "date_attribute" : "base_created_at"
      },
      "widget_layout" : {
        "widget_layout_w" : 2,
        "widget_layout_h" : 2,
        "widget_layout_x" : 8,
        "widget_layout_y" : 2
      },
      "widget_created_at" : "2025-10-06T12:19:13.188046Z",
      "widget_updated_at" : "2025-10-06T12:19:13.188046Z"
    }
  }, {
    "id" : "4fa48a9d-105c-421a-86c9-175af3051e9e",
    "type" : "widgets",
    "attributes" : {
      "widget_id" : "4fa48a9d-105c-421a-86c9-175af3051e9e",
      "widget_type" : "donut",
      "widget_config" : {
        "start" : null,
        "end" : null,
        "series" : [ {
          "name" : "",
          "filter" : {
            "mode" : "and",
            "filters" : [ {
              "key" : "base_entity",
              "mode" : "or",
              "values" : [ "expectation-inject" ],
              "operator" : "eq"
            }, {
              "key" : "inject_expectation_type",
              "mode" : "or",
              "values" : [ "PREVENTION" ],
              "operator" : "eq"
            }, {
              "key" : "base_simulation_side",
              "mode" : "or",
              "values" : [ "4f5abd13-5882-4d26-a6cd-946e631e8b1f" ],
              "operator" : "eq"
            } ]
          }
        } ],
        "mode" : "structural",
        "stacked" : false,
        "limit" : 100,
        "field" : "inject_expectation_status",
        "widget_configuration_type" : "structural-histogram",
        "title" : "Prevention",
        "time_range" : "DEFAULT",
        "date_attribute" : "base_created_at",
        "display_legend" : false
      },
      "widget_layout" : {
        "widget_layout_w" : 2,
        "widget_layout_h" : 4,
        "widget_layout_x" : 2,
        "widget_layout_y" : 0
      },
      "widget_created_at" : "2025-10-06T12:19:13.192317Z",
      "widget_updated_at" : "2025-10-06T12:19:13.192317Z"
    }
  }, {
    "id" : "9c3f3baa-9301-4554-abbe-10ffb179bf95",
    "type" : "widgets",
    "attributes" : {
      "widget_id" : "9c3f3baa-9301-4554-abbe-10ffb179bf95",
      "widget_type" : "donut",
      "widget_config" : {
        "start" : null,
        "end" : null,
        "series" : [ {
          "name" : "",
          "filter" : {
            "mode" : "and",
            "filters" : [ {
              "key" : "base_entity",
              "mode" : "or",
              "values" : [ "expectation-inject" ],
              "operator" : "eq"
            }, {
              "key" : "inject_expectation_type",
              "mode" : "or",
              "values" : [ "VULNERABILITY" ],
              "operator" : "eq"
            }, {
              "key" : "base_simulation_side",
              "mode" : "or",
              "values" : [ "4f5abd13-5882-4d26-a6cd-946e631e8b1f" ],
              "operator" : "eq"
            } ]
          }
        } ],
        "mode" : "structural",
        "stacked" : false,
        "limit" : 100,
        "field" : "inject_expectation_status",
        "widget_configuration_type" : "structural-histogram",
        "title" : "Vulnerability",
        "time_range" : "DEFAULT",
        "date_attribute" : "base_created_at",
        "display_legend" : false
      },
      "widget_layout" : {
        "widget_layout_w" : 2,
        "widget_layout_h" : 4,
        "widget_layout_x" : 4,
        "widget_layout_y" : 0
      },
      "widget_created_at" : "2025-10-06T12:19:13.193914Z",
      "widget_updated_at" : "2025-10-06T12:19:13.193914Z"
    }
  }, {
    "id" : "2385705d-48a9-4532-bbd6-c9274cef0de8",
    "type" : "widgets",
    "attributes" : {
      "widget_id" : "2385705d-48a9-4532-bbd6-c9274cef0de8",
      "widget_type" : "donut",
      "widget_config" : {
        "start" : null,
        "end" : null,
        "series" : [ {
          "name" : "",
          "filter" : {
            "mode" : "and",
            "filters" : [ {
              "key" : "base_entity",
              "mode" : "or",
              "values" : [ "vulnerable-endpoint" ],
              "operator" : "eq"
            }, {
              "key" : "base_simulation_side",
              "mode" : "or",
              "values" : [ "4f5abd13-5882-4d26-a6cd-946e631e8b1f" ],
              "operator" : "eq"
            } ]
          }
        } ],
        "mode" : "structural",
        "stacked" : false,
        "limit" : 100,
        "field" : "vulnerable_endpoint_action",
        "widget_configuration_type" : "structural-histogram",
        "title" : "Recommended action",
        "time_range" : "DEFAULT",
        "date_attribute" : "base_created_at",
        "display_legend" : false
      },
      "widget_layout" : {
        "widget_layout_w" : 2,
        "widget_layout_h" : 4,
        "widget_layout_x" : 6,
        "widget_layout_y" : 0
      },
      "widget_created_at" : "2025-10-06T12:19:13.194959Z",
      "widget_updated_at" : "2025-10-06T12:19:13.194959Z"
    }
  }, {
    "id" : "32de620d-f515-4c69-a46e-90186b21cbc2",
    "type" : "widgets",
    "attributes" : {
      "widget_id" : "32de620d-f515-4c69-a46e-90186b21cbc2",
      "widget_type" : "list",
      "widget_config" : {
        "start" : null,
        "end" : null,
        "series" : [ ],
        "perspective" : {
          "name" : "",
          "filter" : {
            "mode" : "and",
            "filters" : [ {
              "key" : "base_entity",
              "mode" : "or",
              "values" : [ "vulnerable-endpoint" ],
              "operator" : "eq"
            }, {
              "key" : "base_simulation_side",
              "mode" : "or",
              "values" : [ "4f5abd13-5882-4d26-a6cd-946e631e8b1f" ],
              "operator" : "eq"
            } ]
          }
        },
        "columns" : [ "vulnerable_endpoint_hostname", "base_created_at", "vulnerable_endpoint_agents_active_status", "vulnerable_endpoint_action", "vulnerable_endpoint_findings_summary" ],
        "sorts" : [ {
          "fieldName" : "base_created_at",
          "direction" : "DESC"
        } ],
        "limit" : 100,
        "widget_configuration_type" : "list",
        "title" : "Vulnerable endpoints",
        "time_range" : "DEFAULT",
        "date_attribute" : "base_created_at"
      },
      "widget_layout" : {
        "widget_layout_w" : 12,
        "widget_layout_h" : 5,
        "widget_layout_x" : 0,
        "widget_layout_y" : 12
      },
      "widget_created_at" : "2025-10-06T12:19:13.196034Z",
      "widget_updated_at" : "2025-10-06T12:19:13.196034Z"
    }
  }, {
    "id" : "bb544b04-05a5-4bac-8993-d8bef979d70e",
    "type" : "widgets",
    "attributes" : {
      "widget_id" : "bb544b04-05a5-4bac-8993-d8bef979d70e",
      "widget_type" : "vertical-barchart",
      "widget_config" : {
        "start" : null,
        "end" : null,
        "series" : [ {
          "name" : "Not Detected",
          "filter" : {
            "mode" : "and",
            "filters" : [ {
              "key" : "base_entity",
              "mode" : "or",
              "values" : [ "expectation-inject" ],
              "operator" : "eq"
            }, {
              "key" : "inject_expectation_status",
              "mode" : "or",
              "values" : [ "FAILED" ],
              "operator" : "eq"
            }, {
              "key" : "inject_expectation_type",
              "mode" : "or",
              "values" : [ "DETECTION" ],
              "operator" : "eq"
            }, {
              "key" : "base_simulation_side",
              "mode" : "or",
              "values" : [ "4f5abd13-5882-4d26-a6cd-946e631e8b1f" ],
              "operator" : "eq"
            } ]
          }
        }, {
          "name" : "Not Prevented",
          "filter" : {
            "mode" : "and",
            "filters" : [ {
              "key" : "base_entity",
              "mode" : "or",
              "values" : [ "expectation-inject" ],
              "operator" : "eq"
            }, {
              "key" : "inject_expectation_status",
              "mode" : "or",
              "values" : [ "FAILED" ],
              "operator" : "eq"
            }, {
              "key" : "inject_expectation_type",
              "mode" : "or",
              "values" : [ "PREVENTION" ],
              "operator" : "eq"
            }, {
              "key" : "base_simulation_side",
              "mode" : "or",
              "values" : [ "4f5abd13-5882-4d26-a6cd-946e631e8b1f" ],
              "operator" : "eq"
            } ]
          }
        } ],
        "mode" : "temporal",
        "stacked" : false,
        "interval" : "week",
        "widget_configuration_type" : "temporal-histogram",
        "title" : "UNDETECTED/UNPREVENTED INJECTS BY WEEK",
        "time_range" : "DEFAULT",
        "date_attribute" : "base_created_at",
        "display_legend" : false
      },
      "widget_layout" : {
        "widget_layout_w" : 4,
        "widget_layout_h" : 6,
        "widget_layout_x" : 0,
        "widget_layout_y" : 17
      },
      "widget_created_at" : "2025-10-06T12:19:13.197132Z",
      "widget_updated_at" : "2025-10-06T12:19:13.197132Z"
    }
  }, {
    "id" : "ecdbf5f7-b5ad-4abe-86f6-607a233911e3",
    "type" : "widgets",
    "attributes" : {
      "widget_id" : "ecdbf5f7-b5ad-4abe-86f6-607a233911e3",
      "widget_type" : "number",
      "widget_config" : {
        "start" : null,
        "end" : null,
        "series" : [ {
          "name" : "CVEsfound",
          "filter" : {
            "mode" : "and",
            "filters" : [ {
              "key" : "base_entity",
              "mode" : "or",
              "values" : [ "finding" ],
              "operator" : "eq"
            }, {
              "key" : "finding_type",
              "mode" : "or",
              "values" : [ "CVE" ],
              "operator" : "eq"
            }, {
              "key" : "base_simulation_side",
              "mode" : "or",
              "values" : [ "4f5abd13-5882-4d26-a6cd-946e631e8b1f" ],
              "operator" : "eq"
            } ]
          }
        } ],
        "widget_configuration_type" : "flat",
        "title" : "CVEs Found",
        "time_range" : "DEFAULT",
        "date_attribute" : "base_created_at"
      },
      "widget_layout" : {
        "widget_layout_w" : 2,
        "widget_layout_h" : 2,
        "widget_layout_x" : 10,
        "widget_layout_y" : 2
      },
      "widget_created_at" : "2025-10-06T12:19:13.198182Z",
      "widget_updated_at" : "2025-10-06T12:19:13.198182Z"
    }
  }, {
    "id" : "3eb5fd10-26ab-48a5-baef-6c3360d82585",
    "type" : "widgets",
    "attributes" : {
      "widget_id" : "3eb5fd10-26ab-48a5-baef-6c3360d82585",
      "widget_type" : "horizontal-barchart",
      "widget_config" : {
        "start" : null,
        "end" : null,
        "series" : [ {
          "name" : "Undetected TTPs",
          "filter" : {
            "mode" : "and",
            "filters" : [ {
              "key" : "base_entity",
              "mode" : "or",
              "values" : [ "expectation-inject" ],
              "operator" : "eq"
            }, {
              "key" : "inject_expectation_type",
              "mode" : "or",
              "values" : [ "DETECTION" ],
              "operator" : "eq"
            }, {
              "key" : "inject_expectation_status",
              "mode" : "or",
              "values" : [ "FAILED" ],
              "operator" : "eq"
            }, {
              "key" : "base_simulation_side",
              "mode" : "or",
              "values" : [ "4f5abd13-5882-4d26-a6cd-946e631e8b1f" ],
              "operator" : "eq"
            } ]
          }
        }, {
          "name" : "UnpreventedTTPs",
          "filter" : {
            "mode" : "and",
            "filters" : [ {
              "key" : "base_entity",
              "mode" : "or",
              "values" : [ "expectation-inject" ],
              "operator" : "eq"
            }, {
              "key" : "inject_expectation_type",
              "mode" : "or",
              "values" : [ "PREVENTION" ],
              "operator" : "eq"
            }, {
              "key" : "inject_expectation_status",
              "mode" : "or",
              "values" : [ "FAILED" ],
              "operator" : "eq"
            }, {
              "key" : "base_simulation_side",
              "mode" : "or",
              "values" : [ "4f5abd13-5882-4d26-a6cd-946e631e8b1f" ],
              "operator" : "eq"
            } ]
          }
        } ],
        "mode" : "structural",
        "stacked" : false,
        "limit" : 10,
        "field" : "base_attack_patterns_side",
        "widget_configuration_type" : "structural-histogram",
        "title" : "MOST UNDETECTED &UNPREVENTED TTPS",
        "time_range" : "DEFAULT",
        "date_attribute" : "base_created_at",
        "display_legend" : false
      },
      "widget_layout" : {
        "widget_layout_w" : 4,
        "widget_layout_h" : 6,
        "widget_layout_x" : 8,
        "widget_layout_y" : 17
      },
      "widget_created_at" : "2025-10-06T12:19:13.199308Z",
      "widget_updated_at" : "2025-10-06T12:19:13.199308Z"
    }
  }, {
    "id" : "e0bd10d3-524f-479e-bacb-a146a70c02f7",
    "type" : "widgets",
    "attributes" : {
      "widget_id" : "e0bd10d3-524f-479e-bacb-a146a70c02f7",
      "widget_type" : "vertical-barchart",
      "widget_config" : {
        "start" : null,
        "end" : null,
        "series" : [ {
          "name" : "Not Detected",
          "filter" : {
            "mode" : "and",
            "filters" : [ {
              "key" : "base_entity",
              "mode" : "or",
              "values" : [ "expectation-inject" ],
              "operator" : "eq"
            }, {
              "key" : "inject_expectation_status",
              "mode" : "or",
              "values" : [ "FAILED" ],
              "operator" : "eq"
            }, {
              "key" : "inject_expectation_type",
              "mode" : "or",
              "values" : [ "DETECTION" ],
              "operator" : "eq"
            }, {
              "key" : "base_simulation_side",
              "mode" : "or",
              "values" : [ "4f5abd13-5882-4d26-a6cd-946e631e8b1f" ],
              "operator" : "eq"
            } ]
          }
        }, {
          "name" : "Not Prevented",
          "filter" : {
            "mode" : "and",
            "filters" : [ {
              "key" : "base_entity",
              "mode" : "or",
              "values" : [ "expectation-inject" ],
              "operator" : "eq"
            }, {
              "key" : "inject_expectation_type",
              "mode" : "or",
              "values" : [ "PREVENTION" ],
              "operator" : "eq"
            }, {
              "key" : "inject_expectation_status",
              "mode" : "or",
              "values" : [ "FAILED" ],
              "operator" : "eq"
            }, {
              "key" : "base_simulation_side",
              "mode" : "or",
              "values" : [ "4f5abd13-5882-4d26-a6cd-946e631e8b1f" ],
              "operator" : "eq"
            } ]
          }
        } ],
        "mode" : "structural",
        "stacked" : false,
        "limit" : 100,
        "field" : "base_security_platforms_side",
        "widget_configuration_type" : "structural-histogram",
        "title" : "Inject undetected & unprevented by security platform",
        "time_range" : "DEFAULT",
        "date_attribute" : "base_created_at",
        "display_legend" : false
      },
      "widget_layout" : {
        "widget_layout_w" : 12,
        "widget_layout_h" : 6,
        "widget_layout_x" : 0,
        "widget_layout_y" : 33
      },
      "widget_created_at" : "2025-10-06T12:19:13.200354Z",
      "widget_updated_at" : "2025-10-06T12:19:13.200354Z"
    }
  }, {
    "id" : "4592176b-c76e-4347-bec0-245ddb261ea7",
    "type" : "widgets",
    "attributes" : {
      "widget_id" : "4592176b-c76e-4347-bec0-245ddb261ea7",
      "widget_type" : "security-coverage",
      "widget_config" : {
        "start" : null,
        "end" : null,
        "series" : [ {
          "name" : "SUCCESS",
          "filter" : {
            "mode" : "and",
            "filters" : [ {
              "key" : "base_entity",
              "mode" : "and",
              "values" : [ "expectation-inject" ],
              "operator" : "eq"
            }, {
              "key" : "inject_expectation_status",
              "mode" : "and",
              "values" : [ "SUCCESS" ],
              "operator" : "eq"
            }, {
              "key" : "inject_expectation_type",
              "mode" : "and",
              "values" : [ "DETECTION" ],
              "operator" : "eq"
            }, {
              "key" : "base_simulation_side",
              "mode" : "and",
              "values" : [ "4f5abd13-5882-4d26-a6cd-946e631e8b1f" ],
              "operator" : "eq"
            } ]
          }
        }, {
          "name" : "FAILED",
          "filter" : {
            "mode" : "and",
            "filters" : [ {
              "key" : "base_entity",
              "mode" : "and",
              "values" : [ "expectation-inject" ],
              "operator" : "eq"
            }, {
              "key" : "inject_expectation_status",
              "mode" : "and",
              "values" : [ "FAILED" ],
              "operator" : "eq"
            }, {
              "key" : "inject_expectation_type",
              "mode" : "and",
              "values" : [ "DETECTION" ],
              "operator" : "eq"
            }, {
              "key" : "base_simulation_side",
              "mode" : "and",
              "values" : [ "4f5abd13-5882-4d26-a6cd-946e631e8b1f" ],
              "operator" : "eq"
            } ]
          }
        } ],
        "mode" : "structural",
        "stacked" : false,
        "limit" : 100,
        "field" : "base_attack_patterns_side",
        "widget_configuration_type" : "structural-histogram",
        "title" : "LAST DETECTION COVERAGE",
        "time_range" : "DEFAULT",
        "date_attribute" : "base_created_at",
        "display_legend" : false
      },
      "widget_layout" : {
        "widget_layout_w" : 12,
        "widget_layout_h" : 10,
        "widget_layout_x" : 0,
        "widget_layout_y" : 23
      },
      "widget_created_at" : "2025-10-06T12:19:13.201433Z",
      "widget_updated_at" : "2025-10-06T12:19:13.201433Z"
    }
  }, {
    "id" : "49609be8-4de2-4489-acd6-45d6ceb0a569",
    "type" : "widgets",
    "attributes" : {
      "widget_id" : "49609be8-4de2-4489-acd6-45d6ceb0a569",
      "widget_type" : "list",
      "widget_config" : {
        "start" : null,
        "end" : null,
        "series" : [ ],
        "perspective" : {
          "name" : "",
          "filter" : {
            "mode" : "and",
            "filters" : [ {
              "key" : "base_entity",
              "mode" : "or",
              "values" : [ "inject" ],
              "operator" : "eq"
            } ]
          }
        },
        "columns" : [ "inject_status", "base_created_at", "execution_date", "base_attack_patterns_side" ],
        "sorts" : [ {
          "fieldName" : "base_created_at",
          "direction" : "DESC"
        } ],
        "limit" : 10,
        "widget_configuration_type" : "list",
        "title" : "Latest Injects",
        "time_range" : "DEFAULT",
        "date_attribute" : "base_created_at"
      },
      "widget_layout" : {
        "widget_layout_w" : 6,
        "widget_layout_h" : 6,
        "widget_layout_x" : 6,
        "widget_layout_y" : 39
      },
      "widget_created_at" : "2025-10-06T12:19:13.202498Z",
      "widget_updated_at" : "2025-10-06T12:19:13.202498Z"
    }
  }, {
    "id" : "fc6ee7d7-1ec3-4928-abf4-603210dd7427",
    "type" : "widgets",
    "attributes" : {
      "widget_id" : "fc6ee7d7-1ec3-4928-abf4-603210dd7427",
      "widget_type" : "donut",
      "widget_config" : {
        "start" : null,
        "end" : null,
        "series" : [ {
          "name" : "",
          "filter" : {
            "mode" : "and",
            "filters" : [ {
              "key" : "base_entity",
              "mode" : "or",
              "values" : [ "inject" ],
              "operator" : "eq"
            }, {
              "key" : "base_simulation_side",
              "mode" : "or",
              "values" : [ "4f5abd13-5882-4d26-a6cd-946e631e8b1f" ],
              "operator" : "eq"
            } ]
          }
        } ],
        "mode" : "structural",
        "stacked" : false,
        "limit" : 10,
        "field" : "inject_status",
        "widget_configuration_type" : "structural-histogram",
        "title" : "Inject status",
        "time_range" : "DEFAULT",
        "date_attribute" : "base_created_at",
        "display_legend" : false
      },
      "widget_layout" : {
        "widget_layout_w" : 6,
        "widget_layout_h" : 6,
        "widget_layout_x" : 0,
        "widget_layout_y" : 39
      },
      "widget_created_at" : "2025-10-06T12:19:13.203563Z",
      "widget_updated_at" : "2025-10-06T12:19:13.203563Z"
    }
  }, {
    "id" : "0279627b-276c-4358-9cee-e1f82ecd61a4",
    "type" : "custom_dashboards_parameters",
    "attributes" : {
      "custom_dashboards_parameter_id" : "0279627b-276c-4358-9cee-e1f82ecd61a4",
      "custom_dashboards_parameter_name" : "simulation",
      "custom_dashboards_parameter_type" : "simulation"
    }
  }, {
    "id" : "293ab62c-36cd-49ea-8556-81bc51a1d66e",
    "type" : "custom_dashboards_parameters",
    "attributes" : {
      "custom_dashboards_parameter_id" : "293ab62c-36cd-49ea-8556-81bc51a1d66e",
      "custom_dashboards_parameter_name" : "Start date",
      "custom_dashboards_parameter_type" : "startDate"
    }
  }, {
    "id" : "787a2612-a201-4a1c-a2fe-6ed199d217b6",
    "type" : "custom_dashboards_parameters",
    "attributes" : {
      "custom_dashboards_parameter_id" : "787a2612-a201-4a1c-a2fe-6ed199d217b6",
      "custom_dashboards_parameter_name" : "Time range",
      "custom_dashboards_parameter_type" : "timeRange"
    }
  }, {
    "id" : "98db4a18-c1b1-46cd-b0e3-46744536bdc6",
    "type" : "custom_dashboards_parameters",
    "attributes" : {
      "custom_dashboards_parameter_id" : "98db4a18-c1b1-46cd-b0e3-46744536bdc6",
      "custom_dashboards_parameter_name" : "End date",
      "custom_dashboards_parameter_type" : "endDate"
    }
  } ]
}